,header,ground_truth,ground_truth_debatable,outlier,conf,SDC,dist_val
571,encuesta fecha envio,['-'],[],-,0.9971302445345501,"(('pyfunc', 'date', 0.99), ('pyfunc', 'date'), 1.2642736269878343, 0.002869755465449909, (41, 19331, 70454, 108554))","['15/08/2019 15:43', '16/08/2019 10:52', '20/08/2019 16:01', '16/08/2019 09:37', '24/08/2019 14:12', '21/08/2019 10:09', '15/08/2019 16:24', '13/08/2019 15:27', '14/08/2019 15:52', '16/08/2019 13:18', '20/08/2019 15:56', '22/08/2019 12:23', '23/08/2019 10:22', '22/08/2019 10:14', '24/08/2019 13:35', '09/08/2019 15:48', '06/08/2019 11:58', '16/08/2019 13:48', '17/08/2019 12:18', '14/08/2019 18:51', '15/08/2019 11:25', '14/08/2019 11:29', '20/08/2019 15:59', '18/08/2019 19:31', '19/08/2019 14:10', '21/08/2019 17:00', '26/08/2019 12:55', '24/08/2019 12:20', '23/08/2019 14:27', '23/08/2019 17:58', '15/08/2019 18:18', '26/08/2019 17:11', '14/08/2019 12:57', '09/08/2019 09:33', '31/07/2019 11:29', '01/08/2019 14:21', '02/08/2019 15:32', '25/07/2019 11:00', '30/07/2019 09:35', '-', '09/08/2019 15:53', '31/07/2019 11:52', '01/08/2019 11:43', '26/07/2019 14:15', '26/07/2019 13:37', '26/07/2019 14:21', '24/07/2019 12:33', '02/08/2019 09:24', '04/07/2019 12:27', '26/07/2019 14:24', '26/07/2019 14:17', '26/07/2019 12:34', '26/07/2019 12:49', '31/07/2019 08:53', '30/07/2019 12:20', '26/07/2019 16:04', '12/08/2019 10:00', '31/07/2019 07:51', '31/07/2019 08:49', '31/07/2019 09:27', '30/07/2019 13:52', '31/07/2019 13:55', '31/07/2019 12:03', '06/09/2019 09:04', '05/09/2019 10:10', '04/09/2019 15:01', '06/09/2019 12:19', '26/08/2019 11:57', '05/09/2019 20:01', '12/09/2019 17:14', '27/08/2019 12:46', '28/08/2019 15:58', '26/08/2019 15:24', '30/08/2019 13:32', '13/09/2019 10:50', '31/08/2019 10:20', '06/09/2019 11:37', '30/08/2019 16:47', '12/09/2019 19:16', '30/08/2019 16:49', '29/08/2019 14:57', '26/08/2019 16:07', '30/08/2019 16:58', '31/08/2019 11:27', '03/09/2019 10:39', '17/09/2019 17:38', '12/08/2019 22:30', '19/09/2019 17:14', '12/09/2019 16:22', '10/09/2019 11:54', '10/09/2019 10:37', '17/09/2019 16:47', '07/09/2019 12:41', '16/09/2019 17:37', '12/09/2019 17:09', '05/09/2019 10:13', '06/09/2019 10:41', '05/09/2019 17:22', '13/07/2019 09:34', '11/09/2019 11:03', '18/09/2019 07:53', '12/09/2019 09:06', '06/09/2019 09:13', '17/09/2019 10:36', '19/09/2019 16:15', '05/09/2019 11:27', '27/08/2019 16:36', '22/08/2019 11:27', '28/08/2019 15:15', '28/08/2019 16:37', '30/08/2019 21:58', '27/08/2019 17:41', '09/09/2019 10:19', '12/09/2019 08:28', '28/08/2019 11:39', '29/08/2019 18:00', '26/07/2019 17:11', '30/08/2019 15:08', '02/09/2019 09:05', '12/09/2019 14:59', '02/09/2019 09:35', '03/09/2019 17:21', '04/09/2019 17:28', '03/09/2019 08:14', '07/09/2019 12:18', '02/09/2019 12:45', '02/09/2019 12:18', '12/09/2019 18:28', '05/09/2019 11:43', '30/07/2019 18:21', '03/09/2019 08:45', '10/09/2019 12:05', '19/09/2019 13:27', '29/08/2019 15:08', '05/09/2019 13:06', '23/08/2019 17:39', '03/09/2019 08:49', '18/09/2019 09:43', '30/08/2019 16:18', '09/09/2019 16:17', '17/09/2019 15:00', '15/07/2019 13:27', '09/09/2019 09:33', '18/09/2019 18:35', '19/09/2019 13:13', '05/08/2019 14:45', '09/08/2019 13:59', '03/07/2019 13:10', '06/07/2019 10:35', '11/07/2019 17:03', '17/07/2019 19:11', '05/08/2019 12:51', '05/07/2019 13:05', '02/08/2019 15:11', '18/07/2019 13:33', '12/07/2019 09:24', '10/07/2019 16:52', '10/07/2019 14:32', '11/07/2019 15:51', '16/07/2019 11:00', '04/07/2019 09:35', '15/07/2019 12:36', '17/07/2019 10:07', '06/07/2019 10:48', '19/07/2019 12:41', '09/08/2019 12:42', '24/07/2019 09:59', '24/07/2019 11:03', '13/08/2019 13:13', '09/08/2019 15:13', '14/08/2019 13:43', '13/08/2019 17:35', '05/08/2019 09:34', '17/07/2019 19:21', '18/07/2019 09:44', '05/08/2019 16:10', '17/07/2019 19:20', '17/07/2019 17:45', '17/07/2019 17:46', '12/07/2019 13:49', '10/07/2019 15:06', '16/07/2019 14:53', '10/07/2019 16:51', '15/07/2019 16:52', '19/07/2019 14:08', '17/07/2019 16:28', '22/07/2019 17:05', '11/07/2019 12:21', '10/07/2019 09:39', '05/08/2019 17:12', '24/07/2019 09:14', '22/07/2019 18:15', '22/07/2019 13:24', '17/07/2019 10:45', '20/07/2019 12:11', '12/07/2019 14:34', '22/07/2019 12:07', '15/07/2019 09:05', '24/07/2019 15:30', '11/07/2019 15:27', '15/07/2019 09:10', '11/07/2019 15:23', '11/07/2019 13:08', '06/08/2019 11:37', '23/07/2019 17:19', '07/08/2019 08:48', '09/08/2019 13:10', '14/08/2019 10:14', '13/07/2019 11:58', '22/07/2019 14:44', '17/07/2019 17:09', '09/08/2019 14:53', '05/07/2019 17:49', '19/07/2019 10:38', '13/08/2019 16:58', '16/08/2019 20:29', '19/08/2019 16:26', '14/08/2019 15:58', '15/08/2019 12:18', '15/08/2019 12:58', '16/08/2019 15:52', '20/08/2019 08:33', '21/08/2019 13:21', '14/08/2019 11:18', '17/08/2019 12:27', '19/08/2019 16:56', '22/08/2019 11:24', '07/08/2019 09:00', '19/08/2019 09:37', '16/08/2019 10:51', '20/08/2019 10:43', '15/08/2019 19:07', '15/08/2019 09:38', '12/08/2019 13:24', '17/08/2019 15:45', '21/08/2019 16:28', '20/08/2019 20:41', '20/08/2019 13:32', '22/08/2019 16:05', '27/08/2019 09:05', '22/08/2019 13:46', '26/08/2019 21:07', '23/08/2019 18:40', '25/08/2019 00:32', '15/08/2019 11:22', '22/08/2019 10:27', '24/08/2019 11:11', '25/08/2019 19:50', '22/08/2019 09:17', '26/08/2019 09:18', '22/08/2019 11:28', '02/08/2019 11:29', '31/07/2019 11:21', '01/08/2019 16:57', '31/07/2019 19:24', '02/08/2019 15:13', '13/08/2019 16:13', '09/08/2019 09:29', '24/07/2019 19:45', '25/07/2019 10:13', '25/07/2019 17:49', '17/07/2019 15:22', '11/07/2019 12:07', '06/08/2019 16:16', '02/08/2019 18:47', '08/08/2019 13:26', '26/07/2019 15:25', '15/07/2019 09:58', '27/07/2019 12:35', '26/07/2019 18:01', '25/07/2019 14:11', '26/07/2019 16:19', '26/07/2019 15:37', '31/07/2019 21:06', '15/07/2019 22:58', '04/07/2019 08:02', '26/07/2019 13:39', '26/07/2019 19:03', '12/08/2019 15:01', '30/07/2019 10:07', '30/07/2019 09:45', '31/07/2019 15:12', '30/07/2019 16:09', '23/07/2019 18:04', '07/08/2019 11:51', '31/07/2019 16:38', '30/07/2019 19:13', '26/07/2019 12:17', '26/07/2019 17:13', '31/07/2019 11:08', '04/09/2019 21:06', '04/09/2019 16:19', '05/09/2019 18:43', '06/09/2019 11:54', '04/09/2019 11:20', '06/09/2019 12:20', '06/09/2019 12:33', '04/09/2019 15:53', '05/09/2019 09:56', '27/08/2019 10:59', '27/08/2019 14:18', '30/08/2019 17:58', '29/08/2019 17:40', '27/08/2019 12:50', '15/09/2019 00:58', '02/09/2019 16:55', '04/09/2019 16:05', '10/09/2019 09:53', '28/08/2019 10:23', '31/08/2019 19:54', '15/09/2019 00:57', '29/08/2019 16:41', '16/09/2019 19:39', '31/08/2019 21:09', '10/09/2019 10:53', '31/08/2019 11:19', '02/09/2019 11:46', '03/09/2019 10:55', '30/08/2019 16:39', '10/09/2019 17:38', '11/09/2019 14:36', '29/08/2019 18:17', '30/08/2019 09:59', '30/08/2019 12:34', '03/09/2019 09:05', '05/09/2019 09:58', '22/08/2019 15:52', '07/09/2019 10:12', '12/09/2019 11:33', '16/09/2019 12:49', '17/09/2019 10:17', '16/08/2019 17:28', '13/09/2019 17:58', '06/09/2019 09:59', '10/09/2019 08:46', '13/09/2019 18:09', '19/09/2019 12:14', '30/08/2019 08:15', '29/08/2019 10:03', '27/08/2019 16:01', '28/08/2019 19:54', '28/08/2019 10:12', '19/09/2019 09:02', '29/08/2019 09:56', '02/09/2019 16:42', '30/08/2019 17:03', '30/08/2019 17:56', '03/09/2019 16:16', '03/09/2019 10:28', '03/09/2019 13:16', '26/08/2019 08:48', '29/08/2019 09:17', '09/09/2019 07:15', '10/09/2019 11:38', '03/09/2019 16:21', '05/09/2019 11:39', '03/09/2019 10:59', '06/09/2019 09:06', '30/08/2019 17:55', '16/09/2019 10:56', '09/09/2019 14:39', '13/09/2019 10:28', '10/09/2019 12:21', '16/09/2019 10:39', '19/09/2019 19:44', '01/08/2019 09:40', '06/08/2019 19:00', '12/07/2019 09:20', '12/07/2019 15:54', '02/08/2019 12:40', '08/07/2019 14:15', '17/07/2019 10:11', '23/07/2019 12:16', '12/08/2019 16:24', '03/07/2019 16:23', '05/07/2019 13:07', '04/07/2019 09:59', '03/07/2019 18:34', '18/07/2019 00:32', '16/07/2019 08:39', '04/07/2019 14:22', '18/07/2019 12:49', '18/07/2019 15:45', '08/08/2019 16:48', '02/08/2019 09:09', '13/08/2019 11:43', '13/08/2019 14:18', '08/08/2019 10:32', '08/08/2019 16:43', '23/07/2019 11:19', '05/07/2019 20:00', '03/07/2019 12:05', '16/07/2019 16:45', '23/07/2019 09:06', '15/07/2019 22:14', '10/07/2019 17:36', '15/07/2019 18:16', '20/07/2019 10:32', '01/08/2019 10:56', '08/08/2019 11:37', '15/07/2019 10:06', '14/07/2019 21:57', '07/08/2019 16:23', '16/07/2019 18:09', '06/08/2019 09:58', '16/07/2019 12:13', '24/07/2019 15:29', '23/07/2019 11:27', '15/07/2019 11:08', '15/07/2019 12:46', '07/08/2019 16:59', '20/07/2019 20:48', '08/08/2019 09:20', '07/08/2019 21:51', '17/07/2019 15:51', '23/07/2019 14:35', '22/07/2019 15:05', '15/07/2019 17:08', '23/07/2019 16:40', '15/07/2019 17:50', '12/08/2019 10:15', '07/08/2019 11:36', '08/08/2019 11:06', '12/08/2019 14:31', '13/08/2019 16:16', '08/08/2019 11:08', '15/08/2019 16:55', '19/08/2019 12:11', '26/08/2019 14:40', '15/08/2019 09:41', '17/08/2019 15:33', '26/08/2019 14:17', '17/08/2019 15:36', '26/08/2019 12:01', '17/08/2019 09:26', '21/08/2019 11:08', '21/08/2019 15:43', '26/08/2019 08:59', '26/08/2019 14:43', '23/08/2019 15:26', '26/08/2019 14:19', '23/08/2019 13:03', '17/07/2019 14:47', '31/07/2019 16:33', '25/07/2019 08:48', '18/07/2019 14:16', '26/07/2019 16:20', '26/07/2019 13:51', '12/08/2019 15:26', '31/07/2019 16:20', '31/07/2019 16:18', '26/08/2019 14:35', '28/08/2019 14:34', '28/08/2019 10:03', '04/09/2019 12:44', '13/09/2019 12:12', '29/08/2019 14:35', '31/08/2019 01:16', '31/08/2019 11:36', '28/08/2019 15:13', '30/08/2019 14:59', '13/07/2019 11:27', '10/09/2019 17:52', '03/09/2019 11:17', '18/09/2019 09:53', '14/08/2019 12:21', '06/09/2019 17:26', '02/09/2019 19:12', '13/09/2019 09:39', '22/08/2019 16:46', '09/09/2019 14:59', '16/09/2019 09:58', '05/08/2019 15:16', '05/08/2019 11:15', '06/08/2019 09:45', '19/07/2019 15:24', '05/08/2019 15:24', '05/08/2019 11:21', '05/07/2019 20:29', '17/07/2019 15:11', '18/07/2019 12:06', '17/07/2019 14:42', '11/07/2019 14:50', '17/07/2019 15:09', '05/08/2019 15:33', '04/08/2019 19:37', '05/07/2019 10:44', '04/07/2019 17:23', '06/07/2019 15:12', '03/07/2019 16:12', '17/07/2019 14:46', '06/08/2019 17:20', '17/07/2019 14:48', '22/07/2019 10:36', '17/07/2019 14:49', '05/08/2019 12:36', '16/07/2019 10:38', '02/08/2019 15:42', '11/08/2019 15:47', '07/08/2019 12:49', '24/07/2019 11:00', '14/08/2019 17:43', '14/08/2019 11:28', '15/08/2019 12:05', '21/08/2019 16:32', '22/08/2019 11:33', '23/08/2019 14:03', '23/08/2019 15:53', '26/08/2019 16:39', '23/08/2019 16:18', '31/07/2019 16:12', '31/07/2019 17:01', '24/07/2019 13:30', '31/07/2019 09:20', '29/07/2019 09:30', '31/07/2019 14:01', '31/07/2019 16:19', '31/07/2019 16:27', '31/07/2019 16:06', '31/07/2019 16:05', '05/09/2019 11:50', '28/08/2019 17:10', '28/08/2019 11:38', '28/08/2019 12:11', '13/09/2019 12:29', '13/09/2019 16:45', '17/09/2019 15:54', '13/09/2019 12:30', '29/08/2019 17:37', '16/09/2019 08:57', '03/09/2019 15:51', '09/08/2019 15:38', '12/09/2019 16:09', '06/09/2019 15:19', '06/08/2019 09:43', '05/07/2019 12:46', '05/07/2019 20:11', '06/08/2019 09:02', '10/07/2019 10:36', '16/07/2019 12:07', '17/07/2019 19:28', '02/08/2019 15:56', '10/07/2019 14:36', '17/07/2019 19:05', '09/08/2019 12:31', '06/08/2019 09:08', '09/08/2019 15:56', '05/08/2019 10:29', '17/07/2019 16:48', '11/07/2019 13:30', '05/07/2019 13:13', '31/07/2019 16:04', '16/07/2019 17:40', '22/07/2019 13:49', '08/08/2019 14:04', '19/07/2019 11:23', '19/07/2019 16:13', '19/07/2019 16:12']"
532,not_hourname,[],"['unknown', 'not applicable (not notified)']",unknown,0.9920741125275814,"(('pyfunc', 'date', 0.9), ('pyfunc', 'date'), 1.1920531487405432, 0.007925887472418661, (130, 19331, 70365, 108554))","['unknown', '4:00pm-4:59pm', '10:00pm-10:59pm', '5:00pm-5:59pm', '2:00pm-2:59pm', '3:00pm-3:59pm', '12:00pm-12:59pm', '9:00pm-9:59pm', '1:00pm-1:59pm', '11:00am-11:59am', '5:00am-5:59am', '0:00am-0:59am', '2:00am-2:59am', '4:00am-4:59am', '3:00am-3:59am', '7:00pm-7:59pm', '6:00pm-6:59pm', '1:00am-1:59am', '11:00pm-11:59pm', '8:00pm-8:59pm', '9:00am-9:59am', '7:00am-7:59am', '6:00am-6:59am', '10:00am-10:59am', '8:00am-8:59am', 'not applicable (not notified)']"
193,idade_cta (groups),[],['acima de 100'],acima de 100,0.9911917204877632,"(('pyfunc', 'date', 0.85), ('pyfunc', 'date'), 1.1822112684383335, 0.00880827951223688, (146, 19331, 70349, 108554))","['acima de 100', '101 a 200', '13 a 24', '00 a 04', '51 a 80', '25 a 50', '81 a 100', '05 a 08', '09 a 12']"
369,month name,['febuary'],[],febuary,0.990618014243841,"(('embed', 1, 'april', 0.8, 3.5), ('embed', 5.5), 2.280559109253728, 0.009381985756158985, (5, 1238, 171749, 25388))","['may', 'june', 'october', 'january', 'april', 'september', 'november', 'july', 'febuary', 'august', 'march', 'december']"
589,country,['liechstein'],[],liechstein,0.9905168774924357,"(('embed', 1, 'france', 0.8, 6.0), ('embed', 10.5), 1.3678911264956979, 0.00948312250756434, (22, 3484, 93121, 101753))","['germany', 'austria', 'france', 'italy', 'switzerland', 'liechstein']"
980,state (1790),['conneticut'],[],conneticut,0.9898645608587753,"(('doduo', 'state', 0.8, 4.5), ('doduo', -2), 1.6880250075679808, 0.010135439141224757, (3, 863, 121753, 75761))","['maine', 'massachusetts', 'rhode island', 'conneticut', 'new york', 'new jersey', 'pennsylvania', 'delaware', 'maryland', 'virginia', 'kentucky', 'north carolina', 'south carolina', 'georgia']"
757,id do cliente,[],[],ác-10105,0.9886232923878894,"(('pattern', 1, 'fq3', '^[a-zA-Z]+[\\+\\-\\d\\.,]+$', 0.99), ('pattern', 0), 2.9564626729456167, 0.011376707612110588, (46, 5338, 192996, 0))","['ms-18220', 'db-12880', 'vf-21280', 'em-13255', 'ra-19690', 'ds-13045', 'ls-16540', 'lc-17560', 'pa-19420', 'eb-13615', 'lf-17695', 'kl-16180', 'dm-12700', 'cg-12100', 'eb-13150', 'go-14785', 'ep-13705', 'ed-13390', 'la-17380', 'ac-10870', 'ia-15115', 'ac-10900', 'ap-10405', 'fr-14365', 'bo-11035', 'ec-14035', 'jc-15805', 'aa-10225', 'jc-15490', 'sb-20245', 'ds-12745', 'rb-19870', 'lp-17605', 'mf-18145', 'ca-12505', 'tf-20920', 'ep-13555', 'vd-21445', 'gr-14425', 'jl-15505', 'sr-20575', 'cr-12580', 'ef-13510', 'vc-21265', 'rd-19900', 'cc-12445', 'va-21145', 'vs-21385', 'cc-11890', 'gc-14905', 'al-10210', 'jm-15715', 'ma-18445', 'bb-11110', 'rc-19630', 'aa-10240', 'rf-19915', 'vm-21730', 'la-17635', 'dm-12730', 'ra-19795', 'gc-14560', 'va-21130', 'cp-12130', 'sp-20620', 'mc-18910', 'ms-18370', 'gc-14650', 'ac-10390', 'sc-20485', 'es-14080', 'pa-19405', 'mc-18640', 'fc-14290', 'ef-13525', 'ec-14020', 'ác-10105', 'nr-19315', 'lr-16600', 'ls-17800', 'ds-12775', 'ts-20815', 'cf-12295', 'rm-19660', 'sr-20560', 'sa-20215', 'lb-16735', 'ms-18025', 'mg-18715', 'ja-15925', 'ls-17275', 'ma-17920', 'áb-10060', 'fm-14335', 'ea-13945', 'da-12610', 'ic-15325', 'vp-21310', 'ma-18430', 'ds-12850', 'ag-10315', 'es-13435', 'jc-15475', 'gc-14920', 'ec-13300', 'pd-19480', 'ls-17785', 'ss-20410', 'lr-16900', 'sp-20650', 'ks-16495', 'ec-13180', 'ap-10420', 'la-17455', 'kc-16150', 'cm-12190', 'ls-16690', 'gf-14740', 'ba-11335', 'lm-17410', 'cm-12370', 'eg-13225', 'fb-14275', 'bc-11515', 'gc-14635', 'cs-12430', 'mr-18520', 'lc-16795', 'ta-20710', 'ác-10075', 'mb-18820', 'lr-16675', 'cp-12400', 'kc-16225', 'cc-12535', 'ds-12865', 'ab-10555', 'vs-21115', 'jr-16120', 'mr-17995', 'oc-19360', 'rg-19750', 'ig-15340', 'ac-10570', 'gg-14590', 'cc-12280', 'bg-11560', 'bc-11650', 'lc-17305', 'sc-20260', 'da-12940', 'bb-11785', 'lc-16585', 'gb-15010', 'ja-15655', 'mc-18970', 'vp-21760', 'lc-16765', 'jc-15565', 'aa-10840', 'áa-10045', 'ss-20680', 'ep-13780', 'bf-11530', 'ga-14875', 'la-17470', 'bc-11800', 'da-12790', 'es-13735', 'lc-17290', 'ma-18685', 'mc-18475', 'dm-12910', 'kb-16135', 'ab-10255', 'il-15175', 'go-14815', 'cc-11905', 'vc-21025', 'mg-19000', 'ms-18775', 'gg-14770', 'vc-21040', 'rc-19810', 'mp-19135', 'bg-11170', 'ar-10435', 'ep-13885', 'df-12820', 'sr-20320', 'cf-12070', 'mf-18985', 'aa-10120', 'lg-17335', 'ms-19045', 'vb-21190', 'vd-21685', 'fc-14200', 'el-13240', 'mb-19060', 'ds-13030', 'af-10765', 'bp-11305', 'ra-20125', 'ac-10180', 'kg-16255', 'ls-17620', 'bg-11545', 'ac-10300', 'vr-21565', 'mc-18835', 'gs-14830', 'fc-14095', 'ra-19855', 'af-10780', 'vs-21355', 'bc-11245', 'jl-16105', 'ds-12760', 'la-16630', 'ka-16450', 'tr-20890', 'va-21160', 'sa-20440', 'ib-15310', 'tf-20860', 'tp-20980', 'ea-13345', 'lr-17170', 'ta-20695', 'bb-11470', 'mg-18250', 'lf-17200', 'áa-10030', 'bg-11695', 'td-20950', 'mb-18460', 'tr-20770', 'bc-11380', 'mc-17965', 'la-17395', 'ac-10285', 'bp-11575', 'bg-11275', 'ls-16855', 'gc-14935', 'mc-18580', 'ms-18205', 'aa-10825', 'rp-19765', 'af-10600', 'sc-20290', 'mc-17980', 'em-13765', 'ib-15400', 'gs-14485', 'cf-12340', 'eb-13495', 'sp-20635', 'eb-13975', 'mr-18355', 'nc-19150', 'sm-20530', 'nr-19300', 'ác-10090', 'ep-13720', 'em-13540', 'lm-17230', 'jr-16015', 'mc-18055', 'nf-19240', 'lm-16885', 'ba-11320', 'vc-21400', 'ja-15625', 'im-15355', 'ra-19615', 'eg-13405', 'ec-13375', 'jl-15700', 'cc-12265', 'es-14065', 'ig-15445', 'ir-15250', 'rs-19945', 'ns-19330', 'vs-21580', 'dr-12670', 'cc-11920', 'vf-21055', 'ls-17365', 'yb-21865', 'as-10645', 'ba-11770', 'sa-20470', 'nm-19165', 'vs-21340', 'ms-18100', 'ib-15130', 'ds-12925', 'ks-16360', 'jl-15865', 'rp-20020', 'bs-11755', 'gl-15055', 'ac-10375', 'tr-20800', 'mc-19120', 'mr-18505', 'go-15070', 'mp-18760', 'ed-13315', 'gg-14665', 'ac-10735', 'vs-21595', 'vp-21100', 'eb-13135', 'eg-13330', 'pd-19495', 'ms-18550', 'kf-16480', 'ac-10885', 'gf-14755', 'as-10660', 'fc-14305', 'db-13060', 'rb-19990', 'ec-13285', 'gp-14515', 'mc-18895', 'cs-11950', 'ga-14995', 'vc-21610', 'lb-16915', 'es-13465', 'ta-20845', 'ls-17845', 'jo-15730', 'mo-18085', 'bc-11635', 'jm-15985', 'mg-18730', 'ic-15205', 'll-17725', 'mc-19090', 'lr-17245', 'rr-19930', 'bc-11665', 'ea-13960', 'er-13900', 'ic-15430', 'fc-14320', 'ms-18865', 'ls-17770', 'gr-15085', 'pa-19435', 'vc-21625', 'kf-16435', 'tr-20785', 'rc-19825', 'rd-19735', 'ms-18670', 'ag-10915', 'aa-10540', 'rr-19840', 'gp-14680', 'vo-21520', 'ma-18400', 'ms-18940', 'sc-20365', 'ia-15100', 'fc-14215', 'la-16615', 'cr-12490', 'ca-12310', 'md-18130', 'br-11185', 'bf-11020', 'vb-21175', 'ga-14860', 'la-17440', 'gc-14395', 'ba-11095', 'mb-18295', 'gc-14545', 'am-10615', 'jb-15460', 'sb-20230', 'tp-20755', 'is-15265', 'pm-19525', 'ls-17860', 'oa-19345', 'dm-13105', 'ac-10690', 'go-14800', 'cs-11965', 'ec-13195', 'mc-18235', 'ac-10810', 'ls-16555', 'vs-21805', 'jr-15895', 'rf-20140', 'nl-19270', 'rc-19885', 'lp-17425', 'lc-17665', 'kc-16390', 'db-12955', 'fr-14230', 'bc-10975', 'eg-13420', 'lm-17590', 'nr-19255', 'ra-19975', 'bc-11395', 'mm-18745', 'ar-10795', 'bs-11845', 'so-20545', 'id-15145', 'ls-17905', 'fc-14140', 'rf-20050', 'jc-16045', 'lb-17875', 'vg-21715', 'mc-18595', 'lo-17890', 'vf-21475', 'pd-19465', 'bc-11125', 'ma-18565', 'ac-10135', 'mc-18070', 'kb-16375', 'js-15760', 'ma-18805', 'pm-19510', 'bc-11485', 'cc-12055', 'bs-11215', 'cc-12040', 'lc-17545', 'la-16705', 'bm-11455', 'vf-21460', 'es-13450', 'nr-19195', 'jc-15550', 'cs-12220', 'lp-17500', 'ls-17350', 'rc-19720', 'ma-18880', 'lb-16750', 'vf-21490', 'il-15160', 'jg-15670', 'cm-12475', 'ea-13570', 'jc-16060', 'aa-10465', 'bs-11740', 'bc-11500', 'al-10510', 'jc-16090', 'fr-14185', 'mc-18850', 'ta-20830', 'vf-21295', 'rs-20110', 'lb-17530', 'bc-10945', 'ac-10705', 'ac-10750', 'vc-20995', 'ac-10480', 'mp-18190', 'jc-16075', 'ia-15385', 'lf-17485', 'kb-16195', 'cp-12205', 'ac-10150', 'cc-12550', 'sl-20380', 'ac-10165', 'cc-12025', 'vc-21250', 'ec-13165', 'vc-21670', 'vm-21505', 'sp-20395', 'bs-11230', 'jr-16000', 'js-15910', 'yc-21910', 'is-15370', 'eo-13690', 'lr-17020', 'ir-15235', 'cc-12010', 'rl-20005', 'ep-14050', 'lr-17005', 'vc-21010', 'lr-17155', 'lr-17740', 'lg-17710', 'ps-19570', 'ps-19555', 'rg-20065', 'mo-18265', 'ss-20335', 'bg-11680', 'rp-19780', 'lg-16525', 'gc-14725', 'ld-16510', 'la-17830', 'gc-15025', 'bg-11155', 'gm-14470', 'lc-17080', 'jc-15820', 'ls-17815', 'ma-18700', 'fp-14350', 'lc-16570', 'vs-21790', 'lc-17575', 'lm-17140', 'ac-10270', 'vs-21820', 'lm-16660', 'eb-13990', 'os-19390', 'lo-16840', 'vg-21070', 'cg-12355', 'dc-12895', 'bl-11290', 'da-12595', 'ga-14440', 'fm-14170', 'mc-17950', 'jc-16030', 'bc-11440', 'áa-10015', 'mo-19015', 'sl-20305', 'ls-17755', 'br-11200', 'lf-16810', 'rf-20155', 'jm-15580', 'md-18325', 'lb-17515', 'jl-15685', 'lf-16645', 'db-12625', 'er-13810', 'is-15280', 'bc-11425', 'ad-10195', 'gm-14500', 'ta-20905', 'mc-19075', 'bf-11830', 'ld-16975', 'jp-15880', 'vc-21235', 'es-13930', 'cm-12385', 'vr-21775', 'ra-20035', 'vr-21550', 'yc-21895', 'dm-12715', 'sc-20500', 'bc-10990', 'dc-12640', 'bc-11140', 'ds-13015', 'yc-21880', 'yb-21850', 'vb-21205', 'kp-16300', 'bc-11815', 'vc-21640', 'em-13675', 'ms-18385', 'no-19285', 'ms-18280', 'sc-20275', 'la-17050', 'ns-19210', 'lb-16945', 'mm-18160', 'cc-12520', 'cf-12565', 'jp-15745', 'ra-19705', 'cg-11935', 'kc-16240', 'bc-11410', 'cf-12085', 'ec-14005', 'gr-14710', 'kf-16420', 'sb-20590', 'ic-15415', 'jb-15940', 'ca-11860', 'ea-13585', 'vc-21415', 'jc-15955', 'mc-18310', 'bc-11260', 'jc-15835', 'fc-14125', 'eg-13855', 'rm-20080', 'ko-16285', 'rl-20185', 'ma-18415', 'gs-14845', 'er-13825', 'mp-18625', 'la-17065', 'ia-15295', 'kg-16270', 'jr-15520', 'es-13840', 'ld-17680', 'tl-20875', 'sb-20350', 'cd-12325', 'kr-16315', 'fr-14245', 'gr-14695', 'vo-21535', 'lp-16990', 'ls-17185', 'am-10330', 'ja-15640', 'lf-17320', 'gd-14455', 'fg-14155', 'ma-18790', 'dm-12655', 'la-17650', 'ca-11995', 'fs-14260', 'rl-20170', 'gb-14890', 'il-15220', 'jb-15790', 'kc-16210', 'mg-18340', 'bc-10960', 'rc-19645', 'ms-18010', 'ba-10930', 'cb-12250', 'js-15595', 'ab-10720', 'ra-19600', 'ma-18040', 'ps-19585', 'mr-18925', 'sc-20605', 'la-16870', 'vs-21370', 'bb-11605', 'cc-11875', 'lb-16930', 'vm-21085', 'dc-13075', 'cs-12415', 'cc-12160', 'dg-12985', 'lr-17260', 'rp-20200', 'sm-20515', 'ep-13795', 'gr-14605', 'ba-11350', 'lr-17035', 'fc-14110', 'lb-16720', 'mc-18955', 'tm-20740', 'bb-11365', 'bg-11710', 'ld-17095', 'cf-12175', 'ms-19030', 'cc-12145', 'df-13090', 'oc-19375', 'es-13270', 'gf-14965', 'gf-14980', 'bm-11725', 'df-12835', 'cc-12460', 'jc-15970', 'kb-16465', 'ac-10495', 'ca-11980', 'ma-17935', 'mm-18490', 'vd-21430', 'vc-21655', 'lg-17215', 'ds-12685', 'vs-21835', 'gf-15040', 'jg-15850', 'ec-13360', 'vb-21220', 'gg-14410', 'em-13750', 'lc-16780', 'ea-13480', 'cs-12235', 'ec-13210', 'lg-17125', 'tb-20725', 'dg-13000', 'rr-20095', 'br-11050', 'ja-15775', 'na-19225', 'lf-17110', 'js-15610', 'aa-10855', 'as-10360', 'pp-19540', 'eg-13645', 'vr-21325', 'gc-14530', 'ba-11590', 'rp-19675', 'ra-19960', 'am-10525', 'bs-11080', 'kr-16330', 'ss-20425', 'br-11065', 'em-13660', 'gc-14575', 'mc-18115', 'sp-20665', 'vp-21745', 'mp-18655', 'aa-10675', 'lc-16960', 'mr-18535', 'bc-11005', 'ef-13630', 'aa-10450', 'mm-18175', 'ic-15190', 'eb-13600', 'mc-19105', 'kd-16405', 'yf-21925', 'gf-14950', 'kc-16165', 'cm-12115', 'np-19180', 'tc-20935', 'gs-14620', 'pc-19450', 'vd-21700', 'bc-11620', 'es-13915', 'ar-10345', 'sa-20455', 'fs-14380']"
199,vluchtnr,['-1'],[],-1,0.9886232923878894,"(('pattern', 1, 'fq3', '^[a-zA-Z]+[\\+\\-\\d\\.,]+$', 0.99), ('pattern', 0), 2.9564626729456167, 0.011376707612110588, (46, 5338, 192996, 0))","['cal7069', 'cal8463', 'cal8831', 'cal9173', 'cao8157', 'cao9405', 'cao9479', 'cpa5051', 'cpa5545', 'cpa5585', 'cpa5811', 'cpa5917', 'cpa6507', 'cpa6533', 'cpa9037', 'cpa9865', 'dhk5511', 'dhk7289', 'dhk8055', 'dhk8319', 'dhk9353', 'dhk9835', 'etd5765', 'etd6453', 'etd6773', 'etd6827', 'etd6901', 'etd7341', 'etd9085', 'etd9363', 'etd9671', 'fdx5417', 'fdx5529', 'fdx7613', 'fdx8941', 'fdx9705', 'fdx9949', 'gec5063', 'gec5691', 'gec5749', 'gec7571', 'gec9139', 'gec9857', 'ira5751', 'ira6267', 'ira6965', 'kal7403', 'kal9081', 'kal9659', 'lco5015', 'lco5451', 'lco7775', 'mas6275', 'mas6971', 'mas8277', 'mas9123', 'mas9149', 'mas9959', 'mph5006', 'mph5174', 'mph5216', 'mph5312', 'mph5442', 'mph5946', 'mph6536', 'mph6568', 'mph6794', 'mph6914', 'mph7048', 'mph7078', 'mph7252', 'mph7656', 'mph7672', 'mph8140', 'mph8422', 'mph8736', 'mph8798', 'mph9262', 'mph9296', 'mph9418', 'mph9602', 'mph9852', 'ns001', 'qtr5831', 'qtr7633', 'qtr7853', 'qtr8519', 'qtr8709', 'qtr9319', 'sqc5021', 'sqc5185', 'sqc5737', 'sqc6787', 'sqc7065', 'sqc8051', 'sqc8211', 'sqc8245', 'sqc8379', 'sqc8577', 'sqc8617', 'sqc8633', 'sqc9003', 'sqc9265', 'sqc9341', 'thy5343', 'thy5659', 'thy6909', 'thy7075', 'thy7755', 'thy9603', 'uae6619', 'uae7395', 'uae7631', 'uae7833', 'uae9521', 'uae9693', 'wf4141', '-1', '9w2888', '9w2889', 'aa1260', 'aa1261', 'ac1020', 'ac1021', 'am3448', 'am3449', 'br1876', 'br1877', 'br5222', 'br5223', 'bw1404', 'bw1405', 'bw5460', 'bw5461', 'ci4166', 'ci4167', 'cx4216', 'cx4217', 'cz2066', 'cz2067', 'cz4522', 'cz4523', 'cz4838', 'cz4839', 'dl3114', 'dl3115', 'dl3952', 'dl3953', 'dl4990', 'dl4991', 'dl5230', 'dl5231', 'dl5828', 'dl5829', 'ek3556', 'ek3557', 'ey1774', 'ey1775', 'ga4942', 'ga4943', 'hv2675', 'hv2676', 'ir3140', 'ir3141', 'jl2410', 'jl2411', 'ke4450', 'ke4451', 'ly1734', 'ly1735', 'mu2604', 'mu2605', 'or2225', 'or2226', 'or2773', 'or2774', 'py3140', 'py3141', 'py3940', 'py3941', 'qr3062', 'qr3063', 'qr4438', 'qr4439', 'so1220', 'so1221', 'sq2992', 'sq2993', 'su1830', 'su1831', 'su1832', 'su1833', 'ts3112', 'ts3113', 'ts5596', 'ts5597', 'ts5870', 'ts5871', 'at2486', 'at2487', 'at2488', 'at2489', 'kl1317', 'kl1318', 'kl1319', 'kl1320', 'kl1453', 'kl1454', 'kl1467', 'kl1468', 'kl1613', 'kl1614', 'kl1811', 'kl1812', 'kl2055', 'kl2056', 'kl2087', 'kl2088', 'kl2213', 'kl2214', 'kl2215', 'kl2216', 'kl2333', 'kl2334', 'kl2413', 'kl2414', 'kl2623', 'kl2624', 'kl2697', 'kl2698', 'kl2761', 'kl2762', 'kl2889', 'kl2890', 'kl3057', 'kl3058', 'kl3123', 'kl3124', 'kl3223', 'kl3224', 'kl3385', 'kl3386', 'kl3597', 'kl3598', 'kl3609', 'kl3610', 'kl4293', 'kl4294', 'kl4377', 'kl4378', 'kl4647', 'kl4648', 'kl4905', 'kl4906', 'kl5011', 'kl5012', 'kl5303', 'kl5304', 'kl5415', 'kl5416', 'kl5427', 'kl5428', 'kl5715', 'kl5716', 'kq2032', 'kq2033', 'ms4126', 'ms4127', 'ms5882', 'ms5883', 'tu1080', 'tu1081', 'tu1082', 'tu1083', 'ua2362', 'ua2363', 'ua2888', 'ua2889', 'ua4102', 'ua4103', 'az206', 'az207', 'az208', 'az209', 'az494', 'az495', 'az496', 'az497', 'az576', 'az577', 'az578', 'az579', 'bt360', 'bt361', 'bt362', 'bt363', 'ei816', 'ei817', 'ei818', 'ei819', 'lo956', 'lo957', 'lo958', 'lo959', 'mt116', 'mt117', 'mt118', 'mt119', 'mt318', 'mt319', 'mt740', 'mt741', 'mt742', 'mt743', 'mt844', 'mt845', 'ok666', 'ok667', 'ok668', 'ok669', 'or141', 'or142', 'or143', 'or144', 'or353', 'or354', 'or355', 'or356', 'or649', 'or650', 'or651', 'or652', 'or717', 'or718', 'os896', 'os897', 'os898', 'os899', 'sk612', 'sk613', 'sk614', 'sk615', 'sk74', 'sk75', 'sk76', 'sk77', 'sk870', 'sk871', 'sk872', 'sk873', 'sr436', 'sr437', 'sr438', 'sr439', 'tk296', 'tk297', 'tk298', 'tk299', 'tk504', 'tk505', 'tk506', 'tk507', 'a3598', 'a3599', 'a3600', 'a3601', 'a3620', 'a3621', 'a3622', 'a3623', 'ay188', 'ay189', 'ay190', 'ay191', 'cai463', 'cai464', 'cai465', 'cai466', 'ew218', 'ew219', 'ew220', 'ew221', 'fb468', 'fb469', 'fb470', 'fb471', 'fr124', 'fr125', 'fr126', 'fr127', 'fr174', 'fr175', 'fr176', 'fr177', 'fr454', 'fr455', 'fr456', 'fr457', 'fr476', 'fr477', 'fr522', 'fr523', 'fr590', 'fr591', 'fr592', 'fr593', 'fr626', 'fr627', 'fr628', 'fr629', 'fr712', 'fr713', 'fr714', 'fr715', 'fr734', 'fr735', 'fr736', 'fr737', 'fr896', 'fr897', 'fr898', 'fr899', 'hv243', 'hv244', 'hv245', 'hv246', 'hv25', 'hv26', 'hv27', 'hv273', 'hv274', 'hv28', 'hv283', 'hv284', 'hv285', 'hv286', 'hv303', 'hv304', 'hv305', 'hv306', 'hv381', 'hv382', 'hv383', 'hv384', 'hv403', 'hv404', 'hv405', 'hv406', 'hv463', 'hv464', 'hv465', 'hv466', 'hv553', 'hv554', 'hv555', 'hv556', 'hv573', 'hv574', 'hv575', 'hv576', 'hv651', 'hv652', 'hv653', 'hv654', 'hv689', 'hv690', 'hv691', 'hv692', 'hv709', 'hv710', 'hv711', 'hv712', 'hv733', 'hv734', 'hv765', 'hv766', 'hv767', 'hv768', 'hv831', 'hv832', 'hv833', 'hv834', 'hv843', 'hv844', 'hv845', 'hv846', 'jp382', 'jp383', 'jp384', 'jp385', 'km410', 'km411', 'km412', 'km413', 'ou782', 'ou783', 'ou784', 'ou785', 'ps392', 'ps393', 'ps394', 'ps395', 'sn916', 'sn917', 'sn918', 'sn919', 'tp324', 'tp325', 'tp326', 'tp327', 'ux438', 'ux439', 'ux440', 'ux441', 'af396', 'af397', 'af398', 'af399', 'af478', 'af479', 'af480', 'af481', 'af890', 'af891', 'af892', 'af893', 'af92', 'af93', 'af94', 'af95', 'ba312', 'ba313', 'ba314', 'ba315', 'ba758', 'ba759', 'ba760', 'ba761', 'ba940', 'ba941', 'ba942', 'ba943', 'dy204', 'dy205', 'dy206', 'dy207', 'dy438', 'dy439', 'dy440', 'dy441', 'dy642', 'dy643', 'dy644', 'dy645', 'dy790', 'dy791', 'dy792', 'dy793', 'ei108', 'ei109', 'ei110', 'ei111', 'ezy210', 'ezy211', 'ezy212', 'ezy213', 'ezy236', 'ezy237', 'ezy238', 'ezy239', 'ezy324', 'ezy325', 'ezy326', 'ezy327', 'ezy460', 'ezy461', 'ezy462', 'ezy463', 'ezy632', 'ezy633', 'ezy634', 'ezy635', 'ezy684', 'ezy685', 'ezy686', 'ezy687', 'ezy696', 'ezy697', 'ezy698', 'ezy699', 'ezy726', 'ezy727', 'ezy728', 'ezy729', 'ezy740', 'ezy741', 'ezy742', 'ezy743', 'ezy822', 'ezy823', 'ezy824', 'ezy825', 'ezy830', 'ezy831', 'ezy832', 'ezy833', 'ezy916', 'ezy917', 'ezy944', 'ezy945', 'ezy946', 'ezy947', 'ib666', 'ib667', 'ib668', 'ib669', 'kl133', 'kl134', 'kl135', 'kl136', 'kl189', 'kl190', 'kl191', 'kl192', 'kl301', 'kl302', 'kl303', 'kl304', 'kl315', 'kl316', 'kl317', 'kl318', 'kl427', 'kl428', 'kl429', 'kl430', 'kl447', 'kl448', 'kl449', 'kl450', 'kl499', 'kl500', 'kl501', 'kl502', 'kl519', 'kl520', 'kl521', 'kl522', 'kl565', 'kl566', 'kl567', 'kl568', 'kl645', 'kl646', 'kl647', 'kl648', 'kl709', 'kl710', 'kl711', 'kl712', 'kl729', 'kl730', 'kl731', 'kl732', 'kl843', 'kl844', 'kl845', 'kl846', 'kl85', 'kl859', 'kl86', 'kl860', 'kl861', 'kl862', 'kl87', 'kl88', 'kl965', 'kl966', 'kl967', 'kl968', 'lh218', 'lh219', 'lh220', 'lh221', 'lh290', 'lh291', 'lh292', 'lh293', 'lh926', 'lh927']"
1001,artigos,[],['art. 78-f'],art. 78-f,0.9875991023045763,"(('pattern', 1, 'q2 2017', '^[a-zA-Z]+[\\+\\-\\d\\.,]+ [\\+\\-\\d\\.,]+$', 0.8), ('pattern', 0), 3.011219390942617, 0.012400897695423737, (3, 704, 197673, 0))","['art. 78-f', 'art. 24', 'art. 34', 'art. 54', 'art. 44']"
485,country,['aus'],[],aus,0.9860908101951313,"(('embed', 1, 'russia', 0.8, 6.5), ('embed', 9.0), 1.4030205778930862, 0.013909189804868684, (33, 3291, 100632, 94424))","['australia', 'new zealand', 'russia', 'romania', 'malaysia', 'turkey', 'thailand', 'slovakia', 'singapore', 'indonesia', 'india', 'hungary', 'united arab emirates', 'aus']"
187,product,[],[],redmi-note5,0.9820380339712422,"(('embed', 1, 'hp', 0.8, 6.0), ('embed', 12.0), 1.3363413692926822, 0.017961966028757714, (5, 642, 93095, 104638))","['toshiba', 'redmi-note5', 'samsung', 'hp', 'dell', 'lenovo']"
16,continent name,['antartica'],[],antartica,0.9786456050496388,"(('embed', 1, 'asia', 0.8, 5.5), ('embed', 7.0), 1.7969947758896174, 0.021354394950361153, (16, 1195, 142050, 55119))","['north america', 'asia', 'africa', 'oceania', 'europe', 'antartica', 'south america']"
909,matricula,[],"['demo', 'jx5241  - demo', 'pb8543 demos', 'fy2821 demo demo demo']",pb8543 demos,0.9772911786104681,"(('pattern', 1, 'q1', '^[a-zA-Z]+[\\+\\-\\d\\.,]+$', 0.98), ('pattern', 0), 2.8668682557556613, 0.022708821389531952, (102, 5338, 192940, 0))","['ll7496', 'js7564', 'ey2829', 'ln8674', 'yu2338', 'jh3284', 'jg7449', 'mt1606', 'yy2725', 'gt3729', 'pr9163', 'ep5077', 'aq9677', 'bx0935', 'ls5555', 'fs5549', 'at3162', 'cx9356', 'mt6331', 'em2790', 'ax5245', 'dp5170', 'mx9979', 'ct6324', 'ny2815', 'cy1481', 'pv3963', 'ax6246', 'jw3968', 'ay2707', 'cx6243', 'cy2699', 'ry4048', 'pb8543 demos', 'mp5082', 'ml0330', 'nv2343', 'iv4196', 'nv0978', 'gm8269', 'vr9155', 'st6310', 'fy0052', 'jh7173', 'ry2819', 'pb8543', 'dp5067', 'ck4411', 'cs7580', 'lr2065', 'jh9698', 'fr9266', 'hr9265', 'mv3954', 'ps7563', 'rs7576', 'cu7265', 'rp0831', 'mt9622', 'cx6208', 'dx6236', 'fv9030', 'bx6237', 'mt3154', 'py0014', 'sx0421', 'ju7107', 'pw3917', 'bx6232', 'rv4188', 'py2727', 'dx6242', 'fy2821 demo demo demo', 'py4044', 'ay2733', 'gy2828', 'co8321', 'my4034', 'm68751', 'cp0816', 'rr3917', 'm37425', 'pt3152', 'jt6471', 'cr9003', 'bl7490', 'js5560', 'ds7568', 'ck9502', 'gv3967', 'jm8280', 'rn2296', 'du2374', 'lv3977', 'ju2543', 'cu2382', 'mr0710', 'cu6918', 'fv4178', 'cv3959', 'cx6247', 'cq2896', 'sv3956', 'lw3973', 'mv8775', 'lu2342', 'su7058', 'px9384', 'fy0048', 'cy2700', 'ay2561', 'br2068', 'mx6239', 'g71168', 'ao2519', 'eh0408', 'dv4191', 'vg2540', 'gf9973', 'pv9800', 'jo2501', 'dp5075', 'sr5767', 'cl7522', 'gp8555', 'ro8339', 'cy4040', 'dy4099', 'jy2817', 'sy2732', 'cy4092', 'dy2731', 'demo', 'he6850', 'nn8987', 'nu7038', 'jh3850', 'mt9626', 'nl7515', 'nu7130', 'lr9178', 'jv3980', 'ar9206', 'dr2164', 'ft6333', 'iv4189', 'vy0057', 'lx9993', 'ag6162', 'jy4045', 'ey2820', 'rt3157', 'mh9695', 'cy2724', 'jy2730', 'fr0694', 'cx0430', 'fs7581', 'nv9792', 'lt9351', 'ev9004', 'jx5241  - demo', 'fr3923', 'su2655', 'pt3952', 'aq2904', 'jw3971', 'cy0041', 'ct6308', 'jt6472', 'am8284', 'ci7400', 'lx6238', 'cu7279', 'pt3714', 'vt3159', 'ek9012', 'yy4035', 'ay2726', 'fy8874', 'cy2562', 'cy2723', 'ym2873', 'fp8866', 'ch7148', 'ai3059', 'ag7454', 'mi6566', 'jt6326', 'gy9820', 'fv3976', 'bq2903', 'lt6314', 'ry2826', 'rx6244', 'fp1365', 'pe3508', 'au2334', 'ci6581', 'pm2793', 'ju2373', 'fr9191', 'fx5264', 'ey2824', 'st3733', 'jp5090', 'mu7151', 'av9018', 'ly4036', 'fp5162', 'as5569', 'cy3065', 'at6332', 'dv9014', 'lv8988', 'rx0452', 'mp5072', 'jt6336', 'fw3979', 'nx9312', 'f61598', 'vn8702', 'jn8700', 'jp1112', 'st6325', 'la8551', 'rl7481', 'mv9002', 'rv9012', 'gh0733', 'jx5236', 'jw3906', 'fy2728', 'cy8854', 'cy8868', 'ry9223', 'mx6990', 'ay0021', 'ey4097', 'cg0833', 'h55533', 'ju2386', 'bt3146', 'su2376', 'my4183', 'rp5164', 'ct9347', 'ct6334', 'pv4182', 'iq7353', 'rx9376']"
521,native-country,['?'],[],?,0.9763546791587484,"(('sbert', 1, 'italy', 0.8, 1.1), ('sbert', 1.3250000000000002), 1.2308265985832363, 0.023645320841251552, (26, 1578, 90070, 106706))","['united-states', 'mexico', '?', 'columbia', 'iran', 'france', 'guatemala', 'scotland', 'canada', 'greece', 'germany', 'ireland', 'peru', 'ecuador', 'poland', 'puerto-rico', 'cuba', 'england', 'el-salvador', 'philippines', 'italy', 'portugal', 'honduras', 'outlying-us(guam-usvi-etc)', 'yugoslavia', 'nicaragua', 'dominican-republic', 'thailand', 'japan', 'jamaica', 'hungary', 'india', 'hong', 'south', 'china', 'taiwan', 'cambodia', 'vietnam', 'trinadad&tobago', 'haiti', 'laos', 'holand-netherlands']"
688,firstname,[],[],eugena,0.9755673558820916,"(('embed', 1, 'david', 0.8, 6.0), ('embed', 11.0), 1.2471826535049337, 0.024432644117908298, (92, 4514, 93012, 100762))","['andy', 'jeff', 'jack', 'norm', 'bill', 'bertha', 'eugena', 'brenda', 'pamela', 'mike', 'patricia', 'violet', 'kathy', 'pat', 'betty', 'shelly', 'tom', 'david']"
805,first name,[],[],zollie,0.9755673558820916,"(('embed', 1, 'david', 0.8, 6.0), ('embed', 11.0), 1.2471826535049337, 0.024432644117908298, (92, 4514, 93012, 100762))","['aaron', 'herman', 'bill', 'sean', 'dale', 'vicky', 'ed', 'caleb', 'kyle', 'lloyd', 'justin', 'kim', 'brandon', 'dwayne', 'john', 'karey', 'ken', 'nick', 'jaime', 'steven', 'bob', 'russell', 'rob', 'joe', 'dan', 'rodell', 'todd', 'mike', 'jimmy', 'glen', 'ryan', 'scott', 'debbie', 'michael', 'devon', 'dean', 'david', 'brad', 'chris', 'crystal', 'stephanie', 'jonathan', 'keith', 'reid', 'kenny', 'angela', 'aj', 'ron', 'bruce', 'frank', 'johnny', 'kevin', 'lewis', 'mauricio', 'ali', 'sterling', 'matt', 'julie', 'jim', 'greg', 'tim', 'dave', 'duane', 'bobby', 'will', 'marc', 'nestor', 'jonah', 'howard', 'josh', 'brenda', 'dina', 'tony', 'jay', 'kathleen', 'mark', 'robert', 'sana', 'prateek', 'terry', 'paula', 'elaine', 'harry', 'jr', 'angel', 'art', 'pat', 'richard', 'jeff', 'steve', 'brian', 'cindy', 'michelle', 'webster', 'william', 'george', 'dawes', 'courtney', 'matthew', 'johnathon', 'larry', 'patricia', 'austin', 'lorenzo', 'allen', 'kent', 'brooke', 'durrell', 'derek', 'wanda', 'logan', 'ronald', 'pablo', 'zollie', 'karen', 'melissa', 'sonny', 'becky', 'anthony', 'juana', 'anil', 'joseph', 'llyod', 'gary', 'donald', 'qui', 'kristen', 'jackie', 'kelly', 'angie', 'tak', 'belinda', 'wendy', 'enoch', 'paul', 'ashley', 'gene', 'jason', 'barry', 'harrison', 'shane', 'diana', 'ross', 'dimitri', 'tom', 'james', 'omayra', 'hyosik', 'beverly']"
498,firstname,[],[],osarumwense,0.9755673558820916,"(('embed', 1, 'david', 0.8, 6.0), ('embed', 11.0), 1.2471826535049337, 0.024432644117908298, (92, 4514, 93012, 100762))","['james', 'cameron', 'richard', 'jonathan', 'robert', 'blake', 'isaac', 'jason', 'jerry', 'adam', 'dylan', 'thomas', 'william', 'elijah', 'jacob', 'marco', 'noah', 'carson', 'david', 'louis', 'luis', 'steven', 'samuel', 'mitchell', 'edward', 'ryan', 'osarumwense', 'marcus', 'colin', 'austin', 'isaiah', 'martin', 'patrick', 'steve', 'dalton', 'lucas', 'jose', 'joseph', 'kelvin', 'angel', 'chase', 'benjamin', 'caleb', 'lance', 'aidan', 'nelson', 'bruce', 'jeremy', 'shannon', 'charles', 'jordan', 'devin', 'kristopher', 'ethan', 'billy', 'logan', 'anthony', 'evan', 'alejandro', 'jared', 'drew', 'keith', 'nathan', 'brandon', 'hunter', 'john', 'darrell', 'jack', 'dennis', 'ian', 'antonio', 'miguel', 'timothy', 'eric', 'kyle', 'bryce', 'jesse', 'joshua', 'shawn', 'garrett', 'xavier', 'andrew', 'ricky', 'carlos', 'jon', 'adrian', 'christian', 'wyatt', 'tyler', 'seth', 'eduardo', 'mason', 'aaron', 'brad', 'christopher', 'warren', 'franklin', 'gabriel', 'jackson', 'willie', 'jésus', 'ernest', 'eddie', 'alvin', 'ruben', 'jeffery', 'cory', 'clayton', 'randall', 'lawrence', 'scott', 'barry', 'max', 'francisco', 'gary', 'randy', 'kern', 'dominic', 'wesley', 'jerome', 'kenneth', 'curtis', 'gavin', 'connor', 'fernando', 'wayne', 'alexandre', 'erick', 'trevor', 'ramon', 'zachary', 'alberto', 'julian', 'philip', 'sebastian', 'nathaniel', 'sean', 'kevin', 'pedro', 'oscar', 'dakota', 'juan', 'luke', 'justin', 'alex', 'spencer', 'derek', 'craig', 'harold', 'nicholas', 'brent', 'andrés', 'gilbert', 'frederick', 'preston', 'vincent', 'stanley', 'brendan', 'glenn', 'frank', 'calvin', 'clifford', 'alan', 'joel', 'jonathon', 'neil', 'terrence', 'terry', 'rafael', 'jake', 'alfredo', 'derrick', 'ronnie', 'corey', 'donald', 'tristan', 'lee', 'chad', 'devon', 'alexander', 'johnny', 'jeremiah', 'cody', 'russell', 'daniel', 'darren', 'brian', 'josé', 'jessie', 'omar', 'michael', 'cole', 'brett', 'roy', 'ricardo', 'raymond', 'mario', 'cedric', 'theodore', 'dwayne', 'leonard', 'troy', 'edwin', 'byron', 'ross', 'jimmy', 'henry', 'cesar', 'hector', 'jaime', 'grant', 'melvin', 'ivan', 'edgar', 'reginald', 'jay', 'marvin', 'roberto', 'karl', 'micheal', 'arturo', 'julio', 'casey', 'jarrod', 'joe', 'javier', 'matthew', 'geoffrey', 'carl', 'johnathan', 'orlando', 'raul', 'bryan', 'bryant', 'arthur', 'dustin', 'marshall', 'clinton', 'sergio', 'barbara', 'jorge', 'don', 'bradley', 'maurice', 'douglas', 'roger', 'manuel', 'gerald', 'jermaine', 'danny', 'walter', 'marc', 'andre', 'peter', 'shane', 'todd', 'clarence', 'ronald', 'josue', 'terrance', 'gregory', 'tommy', 'phillip', 'micah', 'tyrone', 'carol', 'shaun', 'andy', 'bobby', 'levi', 'larry', 'damien', 'gerrit', 'francis', 'simon', 'allen', 'mark', 'eugene', 'george', 'greg', 'kurt', 'nicolas', 'erik', 'sunil', 'rodney', 'dave', 'armando', 'tony', 'andres', 'victor', 'stuart', 'jamie', 'bob', 'darryl', 'misty', 'albert', 'emmanuel', 'deanna', 'janet', 'mohamed', 'nuan', 'lolan', 'phil', 'dale', 'ramón', 'cathy']"
651,middle,[],[],paulene,0.9755673558820916,"(('embed', 1, 'david', 0.8, 6.0), ('embed', 11.0), 1.2471826535049337, 0.024432644117908298, (92, 4514, 93012, 100762))","['p', 'fisk', 'd', 'n', 'a', 'j', 'k', 'm', 'g', 'b', 'f', 'c', 't', 'r', 's', 'l', 'i', 'g.', 'w', 'h', 'e', 'v', 'y', 'o', 'rochelle', 'z', 'u', 'nathan', 'paulene', 'edward', 'q', 'brian', 'stuart', 'charles', 'harold', 'julian', 'susan', 'ewdd', 'louise', 'gerald', 'vladimirovich', 'koren', 'robert', 'alton', 'jane', 'daniel', 'marie', 'shawn', 'david', 'alan', 'patrick', 'paul', 'diana', 'bryan', 'natalie', 'gordon', 'gray', 'jacklyn', 'clarice', 'allen', 'presley', 'hale', 'ellen', 'zoe', 'rose', 'andrea', 'smith', 'ann', 'evelyn', 'norbert', 'barrett', 'douglas', 'johnathon', 'mahalia', 'myrtle', 'christopher', 'andrew', 'pashke', 'w.', 'dylan', 'may', 'anne', 'e.', 'bochet', 'irene', 'francis', 'benson', 'lisbeth', 'browne', 'matti', 'nicole', 'rhoads', 'matthew', 'michael', 'vila', 'r.', 'gerome', 'todd', 'ashley', 'eve', 'hensley', 'renee', 'margaret', 'dawn', 'elizabeth', 't.', 'ruth', 'karen', 'leigh', 'virginia', 'alexander', 'beth', 'rebecca', 'suzanne', 'madeline', 'moses', 'gaylor', 'tyler', 'lynn', 'kenneth', 'stephen', 'christina', 'davis', 'ernest', 'patricia', 'pierce', 'joseph', 'louis', 'bradley', 'angela', 'johns', 'gregory', 'elenor', 'venetia', 'lily', 'james', 'anthony', 'lauren', 'arthur', 'dwayne', 'frederick', 'thomas', 'gail', 'roy', 'j.', 'mary', 'erin', 'theodore', 'bill', 'jeremy', 'duke', 'jones', 'isaac', 'l.', 'b.', 's.', 'd.', 'f.', 'a.', 'z.', 'm.', 'n.', 'k.', 'c.', 'p.', 'h.', 'o.', 'x', 'v.', 'x.', 'i.', 'q.', 'y.']"
704,códigos isin1:,[],[],brb3saacnor6,0.9722261588856169,"(('pattern', 1, 'e08000010', '^[a-zA-Z]+[\\+\\-\\d\\.,]+$', 0.97), ('pattern', 0), 2.8343298944118356, 0.027773841114383087, (128, 5338, 192914, 0))","['braesbacnor7', 'bralsoacnor5', 'bralldacnor3', 'bralpkacnor9', 'braperacnor9', 'brambpacnor6', 'branimacnor6', 'brarzzacnor3', 'brcrfbacnor2', 'bratmpacnor8', 'brbtowacnor8', 'brb3saacnor6', 'brbbseacnor5', 'brbmobacnor7', 'brbsevacnor3', 'brbkbracnor4', 'brboasacnor6', 'brbrmlacnor9', 'brbrpracnor9', 'brbbrkacnor4', 'bragroacnor7', 'brbrfsacnor8', 'brcamlacnor3', 'brccroacnor2', 'brceabacnor1', 'braalracnor6', 'brhgtxacnor9', 'brlcamacnor3', 'brsbspacnor5', 'brcielacnor3', 'brcognacnor2', 'brtendacnor4', 'brcsanacnor6', 'brcpfeacnor0', 'brcsedacnor9', 'brcardacnor9', 'brcuryacnor3', 'brcvcbacnor1', 'brcyreacnor7', 'brccpracnor9', 'brdmvfacnor9', 'brdirracnor0', 'brdtexacnor3', 'brecoracnor8', 'brelmdacnor3', 'brembracnor4', 'brpgmnacnor8', 'brenatacnor0', 'brenevacnor8', 'brenjuacnor9', 'breqtlacnor0', 'brevenacnor8', 'breztcacnor0', 'brfheracnor5', 'brflryacnor5', 'brpoweacnor0', 'brgfsaacnor3', 'brgshpacnor7', 'brgrndacnor3', 'brsomaacnor3', 'brgmatacnor7', 'brsbfgacnor1', 'brhapvacnor4', 'brhbreacnor4', 'brhboracnor3', 'brhbsaacnor0', 'brhypeacnor0', 'brigtaacnor5', 'brromiacnor8', 'brpardacnor1', 'brintbacnor9', 'brmealacnor9', 'brmypkacnor7', 'brraniacnor5', 'brirbracnor4', 'brjallacnor0', 'brjbssacnor8', 'brjhsfacnor2', 'brjslgacnor2', 'brlavvacnor4', 'brligtacnor2', 'brlinxacnor0', 'brrentacnor4', 'brlwsaacnor8', 'brloggacnor7', 'brlognacnor3', 'brljqqacnor5', 'brlrenacnor1', 'brlpsbacnor0', 'brmdiaacnor7', 'brmgluacnor2', 'brleveacnor2', 'brmrfgacnor0', 'bramaracnor4', 'brcashacnor8', 'brmelkacnor8', 'brfrioacnor2', 'brmilsacnor2', 'brmtreacnor6', 'brmblyacnor5', 'brmosiacnor6', 'brmdneacnor9', 'brmoviacnor0', 'brespaacnor7', 'brmrveacnor2', 'brntcoacnor5', 'brneoeacnor3', 'brngrdacnor3', 'brgndiacnor2', 'bropctacnor0', 'brodpvacnor4', 'bromgeacnor0', 'brorvracnor0', 'brosxbacnor8', 'brofsaacnor7', 'brpmamacnor3', 'brptblacnor8', 'brpetzacnor2', 'brprioacnor1', 'brbrdtacnor1', 'brplplacnor5', 'brfrtaacnor8', 'brpssaacnor7', 'brposiacnor9', 'brprnracnor4', 'brpfrmacnor1', 'brqualacnor6', 'brradlacnor0', 'brrdoracnor8', 'brllisacnor4', 'brrdniacnor9', 'brrsidacnor8', 'brrailacnor9', 'brstbpacnor3', 'brscaracnor7', 'brsmtoacnor3', 'brasaiacnor0', 'brseqlacnor2', 'brseeracnor5', 'brsimhacnor0', 'brsqiaacnor6', 'brslceacnor2', 'brsmlsacnor1', 'brsgpsacnor4', 'brsuzbacnor0', 'brshowacnor7', 'brtecnacnor6', 'brtcsaacnor3', 'brtgmaacnor7', 'brtimsacnor5', 'brtotsacnor8', 'brtpisacnor8', 'brtrisacnor4', 'brtupyacnor1', 'brugpaacnor8', 'brucasacnor1', 'brvamoacnor7', 'brvvaracnor1', 'brvivaacnor0', 'brvivracnor4', 'brvulcacnor2', 'brwegeacnor0', 'brwestacnor3', 'brwizsacnor1', 'bryduqacnor3', 'brafltacnor1', 'bralgtdbs050', 'brabevacnor1', 'brcbeeacnor3', 'bratomacnor1', 'brbttlacnor0', 'brbazaacnor0', 'brbparacnor5', 'brbnbracnor8', 'brbmksacnor9', 'brcambacnor4', 'brgparacnor4', 'brcegracnor4', 'brcsnaacnor6', 'brecovdbs044', 'brrdvtdbs001', 'branhbdbs0d8', 'brcrdeacnor1', 'brdasaacnor1', 'brlipracnor7', 'brfncnacnor6', 'brguaracnor4', 'brigbracnor7', 'brjpsaacnor6', 'brjfenacnor0', 'brlighdbs009', 'brmnpracnor5', 'brmoaracnor5', 'brmndlacnor4', 'brnordacnor7', 'brpdtcacnor3', 'brpdgscri0d0', 'brplsccri041', 'brpparacnor5', 'brpsvmtrv004', 'brredeacnor7', 'brrpmgacnor9', 'brsaipdbs000', 'brstkfacnor5', 'brvivtacnor0', 'brapcscri2u7', 'brvertcra0q7', 'brqvqpacnor1', 'bralefacnor3', 'braurabdr001', 'brazulacnpr4', 'brbmgbacnpr0', 'brbbmlacnor3', 'brbpanacnpr1', 'brbetpacnor3', 'brbrqbacnor1', 'brcabiacnor2', 'brcacoacnor8', 'brcnsyacnor6', 'bragrudbs048', 'brcminacnor2', 'brctcaacnor7', 'brflexacnor5', 'brfrasacnor0', 'bropgmacnor6', 'brgpivbdr003', 'brigsnacnor0', 'brinntacnor4', 'brlmedacnor3', 'brltelacnor1', 'brltlaacnor9', 'brmsroacnor7', 'brmultacnor5', 'brnrtqacnor8', 'brnutracnor0', 'bropheacnor1', 'brpplaunt007', 'brprmnacnor5', 'brprptacnor5', 'brquswacnor5', 'brsmftacnor1', 'brsttracnor1', 'bropseacnor8', 'broptsacnor6', 'brmnzcacnor6', 'brtfcoacnpr8', 'brupkpacnor8', 'brwsonbdr009', 'bravllacnor5', 'brbahiacnor1', 'brabcbacnpr4', 'brbiomacnor2', 'brcsmgacnor5', 'brcbsccra062', 'brenbracnor2', 'bregieacnor9', 'breteracnor3', 'brgaflcra0a6', 'brkeplacnor1', 'brlupaacnor8', 'brbeefacnor6', 'brmmxmacnor2', 'brpdgracnor8', 'brplasacnor2', 'brstendbs012', 'brtesaacnor9', 'brtxrxacnor3', 'brvaleacnor0', 'brvlidacnor5', 'brrpadacnor1', 'bralupacnor8', 'brbidiacnor3', 'brbbasa04or8', 'brbpacacnor7', 'brbrsracnor3', 'brsanbacnor8', 'brbrkmacnor1', 'breletacnor6', 'brcespacnor3', 'brceebacnor3', 'brcebracnor5', 'brcepeacnor3', 'brcoceacnor0', 'brcsrnacnor0', 'brhbtsacnor0', 'brcpleacnor8', 'brsapracnor9', 'brctsaacnor3', 'brbrgeacnor6', 'brecoacra1g3', 'brengiacnor0', 'breqmaacnor8', 'breqpaacnor1', 'brklbnacnor2', 'brmrsaacnor6', 'brrbracra025', 'brrnewacnor8', 'brfrrnacnor5', 'brsnsyacnor2', 'brahebacnor0', 'brsledacnor0', 'brsondacnor5', 'brsulaacnor2', 'brnemoacnor6', 'brtasaacnor7', 'brtaeeacnor9', 'brcrpgacnor0', 'brunipacnor7', 'brusimacnor3', 'brcgasacnor0', 'bralpaacnor0', 'brazevacnor0', 'brbeesacnor9', 'brbdllacnor1', 'brbalmacnor5', 'brbrivacnor6', 'brbbdcacnor1', 'brbgipacnor1', 'brbminacnor4', 'brbmebacnor8', 'brpineacnor1', 'brbobracnor6', 'brbrapacnor5', 'brbscscri822', 'brbsliacnor5', 'brmaptacnor8', 'brclscacnor6', 'brpcaracnor3', 'brcasnacnor6', 'brcmigacnor6', 'brceedacnor9', 'breeelacnor8', 'brfesaacnor8', 'brcedoacnor8', 'brcataacnor1', 'brmspaacnor0', 'brpeabacnor3', 'brcsabacnor1', 'brctnmacnor9', 'brcmsaacnor8', 'brcrteacnor7', 'broderacnor6', 'brcaliacnor1', 'brcorracnor0', 'brtrplacnor4', 'brpnvlacnor9', 'brdohlacnor2', 'brdmmoacnor0', 'brdtcyacnor5', 'brealtacnor4', 'brektracnor0', 'bremaeacnor4', 'brecpracnor5', 'brenmtacnor5', 'breucaacnor1', 'brbauhacnor6', 'brvsptacnor1', 'brcrivacnor4', 'brggbracnor1', 'brgollacnpr4', 'brgpcpacnor4', 'brcgraacnor2', 'brhagaacnor7', 'brhetaacnor2', 'brhootacnor2', 'brjbduacnor6', 'brinepacnor1', 'brfigeacnor6', 'brivpracnor6', 'britubacnor4', 'britsaacnor0', 'brjopaacnor5', 'brctkaacnor0', 'brlameacnor9', 'brmgelacnor6', 'brestracnor3', 'brpomoacnor0', 'brmercacnor2', 'brmtigacnor0', 'brgoauacnor1', 'brrsulacnor6', 'brmtsaacnor2', 'brmmaqacnor1', 'broibracnor1', 'brpatiacnor6', 'brpetracnor9', 'brptntacnor6', 'brptcaacnor9', 'brraptacnor7', 'brrcslacnor4', 'brgepaacnor2', 'brshulacnor7', 'braptiacnor6', 'brtcnoacnor5', 'brtekaacnor6', 'brtknoacnor8', 'brtelbacnor2', 'brluxmacnor7', 'brmwetacnor6']"
309,region,['prarie'],[],prarie,0.9657217618840074,"(('embed', 1, 'quebec', 0.8, 6.0), ('embed', 8.5), 1.2072854306515493, 0.03427823811599261, (46, 1735, 94301, 102298))","['northwest territories', 'atlantic', 'prarie', 'west', 'ontario', 'quebec', 'yukon', 'nunavut']"
226,fiscal year,['fy definition needed'],[],fy definition needed,0.9616110412220635,"(('pattern', 1, 'tr1', '^[a-zA-Z]+[\\+\\-\\d\\.,]+$', 0.95), ('pattern', 0), 2.7744518954642254, 0.03838895877793646, (184, 5338, 192858, 0))","['fy definition needed', 'fy10', 'fy11', 'fy12', 'fy13', 'fy14', 'fy15', 'fy16', 'fy17', 'fy18', 'fy19', 'fy20', 'fy21', 'fy22', 'fy23', 'fy24', 'fy25', 'fy26', 'fy27', 'fy28', 'fy29', 'fy30', 'fy02', 'fy03', 'fy04', 'fy05', 'fy06', 'fy07', 'fy08', 'fy09']"
33,projectmanagerpocemailauto,[],[],vbmsitpms@va.gov,0.9595429516936541,"(('pyfunc', 'url', 0.99), ('pyfunc', 'url'), 2.41191339617284, 0.04045704830634594, (54, 1678, 189827, 6821))","['kevin.venanzi2@va.gov', 'christopher.sivilaylack2@va.gov', 'michael.kalathas@va.gov', 'miguel.valls@va.gov', 'stephen.rivera@va.gov', 'travis.christensen@va.gov', 'hilary.mize@va.gov', 'cheryl.smith4@va.gov', 'john.lang4@va.gov', 'andrew.karras@va.gov', 'ping.xu@va.gov', 'chuck.hantz@va.gov', 'barbara.flowers3@va.gov', 'thomas.dwyer@va.gov', 'tracy.batey@va.gov', 'paul.corsi@va.gov', 'gary.tomlinson@va.gov', 'luis.andana@va.gov', 'gregory.kirk@va.gov', 'mary.veloria@va.gov', 'russell.steele@va.gov', 'toya.mckoy@va.gov', 'patricia.britten@va.gov', 'jennifer.pozzi@va.gov', 'scott.anderson1@va.gov', 'brooke.carver@va.gov', 'abe.goodman@va.gov', 'clayton.whitney@va.gov', 'michael.laughlin@va.gov', 'dustin.sours@va.gov', 'kesha.burch@va.gov', 'rose.huang@va.gov', 'mark.stephens@va.gov', 'hoyun.wong@va.gov', 'patricia.hilliard@va.gov', 'michelle.clark3@va.gov', 'kenneth.fisher3@va.gov', 'penny.rodriquez@va.gov', 'tamera.norton@va.gov', 'zun.yi@va.gov', 'carlos.elizondo@va.gov', 'dennis.vonburg@va.gov', 'william.rodgers2@va.gov', 'penny.parang@va.gov', 'edward.liebing@va.gov', 'william.wigton@va.gov', 'christopher.lawless@va.gov', 'randolph.malloy@va.gov', 'robert.roth2@va.gov', 'lynda.dale-roos@va.gov', 'robert.kuehn@va.gov', 'migual.valls@va.gov', 'victor.busey@va.gov', 'warren.majors@va.gov', 'mary.flores@va.gov', 'diane.gorchs@va.gov', 'tony.mcgee2@va.gov', 'mark.jeffreys@va.gov', 'janice.poepping@va.gov', 'david.matta@va.gov', 'crystal.abbott@va.gov', 'lu.zhang@va.gov', 'john.dell@va.gov', 'carrie.parker2@va.gov', 'arnie.ford@va.gov', 'georgia.bridges@va.gov', 'terry.mott@va.gov', 'thomas.phillips4@va.gov', 'albert.mcleod@va.gov', 'bennett.gebken@va.gov', 'christopher.barber@va.gov', 'robert.jackson@va.gov', 'isodore.mason@va.gov', 'jennidean.alexander@va.gov', 'cleon.walker@va.gov', 'robert.wilhelm@va.gov', 'steven.dessent@va.gov', 'tamala.humphrey@va.gov', 'robert.patterson2@va.gov', 'latecia.anderson-jackson@va.gov', 'ian.clementson@va.gov', 'giri.rao@va.gov', 'david.munnerlyn@va.gov', 'joseph.caravella@va.gov', 'colleen.reed@va.gov', 'pankajkumar.bhatt@va.gov', 'ken.bryk@va.gov', 'vbmsitpms@va.gov', 'ricky.stephens@va.gov', 'dan.nguyen@va.gov', 'jay.anderson@va.gov', 'rose.pompey@va.gov', 'jose.corona@va.gov', 'lori.warren@va.gov', 'dimitrius.rivera@va.gov', 'sarah.smith11@va.gov', 'randy.harvel@va.gov', 'wesley.matheny@va.gov', 'rashida.fleming@va.gov', 'vic.predel@va.gov', 'wesley.dean@va.gov', 'tamekia.mason@va.gov', 'brian.pierce@va.gov', 'fred.tolley@va.gov', 'marcus.ramirez@va.gov', 'david.cornwall2@va.gov', 'riley.ross@va.gov', 'mario.garcia@va.gov', 'pamela.devine@va.gov', 'glenn.little@va.gov', 'kelly.helm@va.gov', 'regina.robles@va.gov', 'stephan.follett@va.gov', 'richard.mandelbaum@va.gov', 'rita.teague@va.gov', 'alex.gregg@va.gov', 'joyce.kaloustian@va.gov', 'anthony.disalvo@va.gov', 'richard.hoag@va.gov', 'chris.speight@va.gov', 'jeffrey.lee6@va.gov', 'curtis.clay@va.gov', 'john.bowe@va.gov', 'john.gavin@va.gov', 'susan.knause@va.gov', 'james.plastow@va.gov', 'david.juarez@va.gov', 'darrell.childress@va.gov', 'scott.herman@va.gov', 'wesley.patton@va.gov', 'glenn.hedrick@va.gov', 'orlando.martinez2@va.gov', 'moazzam.ali@va.gov', 'richard.holmes@va.gov', 'todd.peterson2@va.gov', 'julie.norris@va.gov', 'john.prescott1@va.gov', 'brandon.woody@va.gov', 'theodore.ritenour@va.gov', 'billy.mccullon@va.gov', 'stevne.hester@va.gov', 'billy.reed@va.gov', 'albert.stringham@va.gov', 'lori.brandt@va.gov', 'delwin.johnson2@va.gov', 'thomas.j.hopkins@va.gov', 'joe.nguyen@va.gov', 'elpidio.ilaban@va.gov', 'curtis.mclean@va.gov', 'richard.strahm@va.gov', 'christi.gibbs@va.gov', 'lisa.bell@va.gov', 'gail.mills@va.gov', 'michael.lacaze@va.gov', 'nicholas.miller5@va.gov', 'john.blankenship@va.gov', 'dick.rickard@va.gov', 'yiqun.brown@va.gov', 'kevin.hutchinson@va.gov', 'trey.ball@va.gov', 'dennis.peterson3@va.gov', 'hina.halari@va.gov', 'winston.noronha@va.gov', 'tony.vallin@halfaker.com', 'richard.radichel@va.gov', 'david.strobel@va.gov', 'kelvin.upshaw@va.gov', 'jon.trolla@va.gov', 'wesley.froehlig@va.gov', 'james.reich@va.gov', 'ellen.hans@va.gov', 'genaita.ngwayah@va.gov', 'michael.ketelaar@va.gov', 'shawn.suiters@va.gov', 'phillip.williams4@va.gov', 'steven.hester@va.gov', 'angela.grimes@va.gov', 'jesse.emple@va.gov', 'nancy.munro-trojanoski@va.gov', 'robert.whaley@va.gov', 'jorge.rodriguez1@va.gov', 'richard.jacob@va.gov', 'scott.baker3@va.gov', 'christopher.thornton2@va.gov', 'vijay.potdar@va.gov', 'jeffrey.gage1@va.gov', 'kenny.roberts2@va.gov', 'peggy.bolden@va.gov', 'jay.hawkins@va.gov', 'nick.light@va.gov', 'darrell.ray@va.gov', 'kristina.burns@va.gov', 'jeffrey.pius@va.gov', 'stephen.tetlow@va.gov', 'gary.upchurch@va.gov', 'joseph.stenz@va.gov', 'yolanda.ferguson@va.gov', 'andrew.nimmer@va.gov', 'gradney.donniep@va.gov', 'john.martin3@va.gov', 'jay.siegel@va.gov', 'tony.hudson@va.gov', 'richard.washington4@va.gov', 'brett.krimminger@va.gov', 'russell.poole@va.gov', 'carol.hickman2@va.gov', 'alexander.torres@va.gov', 'jerry.simpson@va.gov', 'payal.sheth@va.gov', 'david.larson@va.gov', 'andrew.rikarts@va.gov', 'gary.werner@va.gov', 'clifford.sweney@va.gov', 'washington.richard4@va.gov', 'jerry.cavin2@va.gov', 'randall.martin3@va.gov', 'kathy.macdonald@va.gov', 'jamesc.johnson@va.gov', 'juan.guillaume@va.gov', 'christopher.cargille@va.gov', 'christopher.marino2@va.gov', 'james.blaine@va.gov', 'vandana.katti@va.gov', 'janeen.steele@va.gov', 'larry.jamison@va.gov', 'emma.petty@va.gov', 'jeffrey.campbell@va.gov', 'tor.busey@va.gov', 'james.magness@va.gov', 'cameron.bragg@va.gov', 'april.sessler@va.gov', 'joe.ploeger@va.gov', 'derek.marler@va.gov', 'thomas.mcclain@va.gov', 'paul.norris@va.gov']"
6,supplier,[],['misc'],02001,0.9497011360786349,"(('pattern', 1, 'q3', '^[a-zA-Z]+[\\+\\-\\d\\.,]+$', 0.93), ('pattern', 0), 2.7161703008500218, 0.05029886392136512, (249, 5338, 192793, 0))","['bar01', 'pro01', 'edf01', 'blu01', 'ast01', 'goo01', 'suz01', 'tru01', 'mag01', 'cro01', 'ref01', 'dew01', 'key01', 'all01', '02001', 'ese01', 'wes01', 'bel01', 'b&q01', 'pos01', 'wil01', 'mcc01', 'mis01', 'gco01', 'csl01', 'gra01', 'pbb01', 'ser01', 'dav01', 'nwv01', 'gdl01', 'rsc01', 'dls01', 'shi01', 'vik01', 'con01', 'ecco1', 'hey01', 'dac01', 'jaw01', 'phh01', 'hal01', 'tas01', 'scr01', 'opu01', '34s01', 'tea01', 'rem01', '99901', 'mfl01', 'inn01', 'pen01', 'amd01', 'pcw01', 'ton01', 'fca01', 'bac01', 'ips01', 'hen01', 'she01', 'bbh01', 'wel01', 'gah01', 'hom01', 'tsn01', 'misc', 'mid01', 'tra01', 'sam01', 'cos01', 'sho01', 'hol01', 'pre01', 'har01', 'arc01', 'sai01', 'zor01', 'ama01', 'far01', 'sto01', 'map01', 'ukg01', 'off01', 'yel01', 'gam02', 'btb01', 'hal02', 'aer01', 'rym01', 'pri01', 'hpi01', 'cam01', 'gam01', 'boo01', 'hea01', 'nov01', 'fim01', 'c3kho', 'kit01', 'tam01', 'cpc01', 'dpt01', 'rlm01']"
1051,size,[],[],varies with device,0.9475555550048473,"(('pattern', 1, '4t', '^[\\+\\-\\d\\.,]+[a-zA-Z]+$', 0.99), ('pattern', 0), 2.795014458546602, 0.05244444499515272, (11, 359, 198010, 0))","['varies with device', '11m', '36m', '53m', '24m', '18m', '15m', '10m', '12m', '6.9m', '13m', '17m', '19m', '61m', '38m', '23m', '50m', '31m', '2.5m', '3.4m', '16m', '67m', '14m', '56m', '46m', '27m', '624k', '292k', '37m', '2.3m', '6.2m', '772k', '2.1m', '41m', '25m', '2.4m', '58k', '1.9m', '3.6m', '2.9m', '8.0m', '2.2m', '1.8m', '1.7m', '6.7m', '7.5m', '6.6m', '40m', '90m', '1.0m', '4.7m', '2.0m', '2.6m', '705k', '3.5m', '454k', '70k', '778k', '186k', '8.2m', '598k', '5.1m', '1.5m', '5.4m', '21m', '1.4m', '743k', '597k', '4.3m', '20k', '20m', '601k', '1.3m', '33k', '1.1m', '3.0m', '259k', '245k', '39m', '914k', '1.2m', '33m', '948k', '921k', '3.8m', '154k', '2.7m', '39k', '5.2m', '4.6m', '1.6m', '9.2m', '7.9m', '4.1m', '240k', '234k', '257k', '44k', '9.5m', '32m', '7.2m', '7.3m', '8.6m', '5.5m', '695k', '526k', '8.5m', '44m', '8.5k', '41k', '11k', '9.4m', '7.1m', '34m', '69m', '8.3m', '5.9m', '3.9m', '853k', '6.1m', '64m', '9.9m', '540k', '746k', '4.5m', '26m', '9.1m', '3.2m', '939k', '30m', '43m', '93k', '35m', '3.7m', '322k', '308k', '4.9m', '7.7m', '812k', '442k', '842k', '417k', '412k', '459k', '478k', '335k', '782k', '721k', '430k', '429k', '192k', '200k', '460k', '728k', '496k', '816k', '414k', '334k', '506k', '206k', '437k', '963k', '7.4m', '3.3m', '116k', '153k', '353k', '4.0m', '400k', '837k', '961k', '498k', '72k', '108k', '5.7m', '201k', '562k', '329k', '18k', '6.0m', '3.1m', '8.4m', '51k', '253k', '29m', '582k', '42m', '23k', '556k', '232k', '6.4m', '975k', '720k', '4.2m', '9.7m', '7.6m', '266k', '169k', '45k', '49m', '6.3m', '172k', '444k', '5.0m', '716k', '351k', '5.3m', '600k', '749k', '881k', '164k', '785k', '9.3m', '8.9m', '6.8m', '193k', '226k', '7.8m', '619k', '5.8m', '78m', '4.4m', '2.8m', '239k', '6.5m', '175k', '7.0m', '801k', '775k', '5.6m', '45m', '8.1m', '65m', '220k', '22m', '714k', '8.7m', '976k', '48m', '9.0m', '94m', '63m', '643k', '942k', '8.8m', '9.8m', '28m', '676k', '47m', '9.6m', '887k', '72m', '4.8m', '51m', '97m', '865k', '62m', '930k', '60m', '83m', '85m', '82m', '554k', '209k', '55m', '80m', '57m', '77m', '79m', '470k', '552k', '696k', '525k', '251k', '203k', '79k', '91k', '283k', '647k', '982k', '323k', '208k', '514k', '551k', '103k', '809k', '411k', '986k', '592k', '221k', '176k', '916k', '54k', '811k', '523k', '784k', '375k', '626k', '190k', '473k', '73k', '75m', '29k', '364k', '467k', '95m', '70m', '318k', '818k', '91m', '121k', '210k', '55k', '96m', '636k', '608k', '879k', '58m', '118k', '10.0m', '713k', '87m', '59m', '196k', '54m', '730k', '74k', '317k', '78k', '61k', '609k', '569k', '92m', '683k', '88m', '84m', '48k', '66m', '228k', '71m', '76m', '93m', '86m', '81m', '920k', '100m', '613k', '73m', '89m', '52m', '99m', '74m', '545k', '98m', '241k', '314k', '68m', '892k', '161k', '404k', '717k', '840k', '981k', '980k', '544k', '756k', '350k', '373k', '219k', '691k', '511k', '499k', '656k', '34k', '994k', '309k', '485k', '903k', '280k', '860k', '387k', '970k', '992k', '67k', '885k', '874k', '246k', '953k', '371k', '585k', '122k', '458k', '787k', '243k', '913k', '475k', '191k', '898k', '642k', '518k', '924k', '904k', '847k', '957k', '306k', '28k', '902k', '157k', '704k', '862k', '899k', '378k', '779k', '857k', '313k', '26k', '293k', '17k', '14k', '81k', '965k', '655k', '872k', '238k', '954k', '383k', '421k', '319k', '951k', '25k', '27k', '82k', '173k', '50k', '97k', '516k', '780k', '663k', '629k', '288k', '500k', '270k', '24k', '754k', '170k', '141k', '160k', '144k', '143k', '376k', '420k', '89k', '861k', '549k', '269k', '940k', '688k']"
602,mn,['months'],[],months,0.9460404275153969,"(('pattern', 1, '1992 summer', '^[\\+\\-\\d\\.,]+ [a-zA-Z]+$', 0.99), ('pattern', 0), 2.785702804386087, 0.05395957248460314, (12, 371, 197997, 0))","['16 months', '43 months', '12 months', '10 months', '17 months', '41 months', '48 months', '39 months', '35 months', '32 months', '42 months', '46 months', '60 months', '57 months', '59 months', '47 months', '20 months', '23 months', '22 months', '15 months', '18 months', '37 months', '26 months', '6 months', '30 months', '8 months', '9 months', '0 months', '50 months', '5 months', '24 months', '3 months', '33 months', '40 months', 'months', '44 months', '27 months', '28 months', '13 months', '36 months', '19 months', '2 months', '34 months', '31 months', '38 months', '11 months', '4 months', '25 months', '14 months', '45 months', '90 months', '73 months', '29 months', '100 months', '53 months', '74 months', '51 months', '129 months', '85 months', '88 months', '72 months', '96 months', '21 months', '95 months', '54 months', '52 months', '7 months', '66 months', '56 months', '1 months', '61 months', '64 months', '55 months', '81 months', '71 months', '105 months', '103 months', '82 months', '98 months', '62 months', '94 months', '77 months', '49 months', '86 months', '124 months', '121 months', '106 months', '87 months', '65 months', '84 months', '139 months', '68 months', '108 months', '75 months', '80 months', '83 months', '116 months', '153 months', '99 months', '102 months', '143 months', '58 months', '97 months', '159 months', '91 months', '122 months', '70 months', '78 months', '109 months', '118 months', '69 months', '63 months', '67 months', '133 months', '79 months', '89 months', '110 months', '92 months', '120 months', '117 months', '93 months', '138 months', '130 months', '104 months', '171 months', '123 months', '119 months', '136 months', '175 months', '134 months', '173 months', '160 months', '127 months', '131 months', '132 months', '169 months', '152 months', '156 months', '125 months', '181 months', '114 months', '115 months', '126 months', '140 months', '101 months', '107 months', '161 months', '76 months', '155 months', '164 months', '168 months', '145 months', '128 months', '144 months', '150 months', '112 months', '111 months', '113 months', '135 months', '141 months', '154 months', '148 months', '147 months', '151 months', '172 months', '165 months', '157 months', '137 months', '186 months', '162 months', '166 months', '178 months', '167 months', '195 months', '179 months', '158 months']"
1167,sampling point,[],[],s-6-bis,0.9371175357889803,"(('pattern', 1, 'nov-2016', '^[a-zA-Z]+[\\+\\-\\d\\.,]+$', 0.9), ('pattern', 0), 2.6613564526890694, 0.06288246421101969, (320, 5338, 192722, 0))","['g-01', 'g-02', 'g-03', 'g-04', 'g-05', 'g-06', 'g-07', 'g-08', 'g-09', 'g-10', 'g-11', 'g-12', 'g-13', 'g-14', 'g-15', 'g-16', 'g-17', 's-1', 's-2', 's-3', 's-4', 's-5', 's-6', 's-6-bis', 's-7', 's-iw']"
822,course code,[],[],elem-gr-kb,0.9366764959447837,"(('pyfunc', 'url', 0.98), ('pyfunc', 'url'), 2.306866494820173, 0.06332350405521625, (92, 1678, 189789, 6821))","['me.stasst', 'msm.stasst', 'ma.fndalg1', 'lam.ib82', 'msm.dis1', 'lam.ib81', 'ma.fndalg2', 'mam.ib61', 'bu.brvdpr1', 'eslm.bgen2', 'bu.brvdpr2', 'msm.dis3', 'ma.alg1h', 'lam.ib84', 'fnm.math2', 'scm.ib61', 'ma.alg2h', 'fnm.read2', 'lam.ib84h', 'lam.ib61', 'ss.prnecon', 'flm.ibch61', 'mam.ib71', 'pem.ib61', 'msm.dis2', 'pem.ib71', 'ssm.ibgh71', 'pem.ib81', 'lam.ib71', 'ss.regecon', 'ssm.ibgh72', 'lam.ib71h', 'ssm.ibg72h', 'scm.ib64', 'scm.ib64h', 'flm.ibf81', 'cf.cater1', 'flm.wrld', 'cf.cater2', 'bu.game', 'flm.ibs81', 'scm.ib72', 'bu.mgmt2', 'msm.avid74', 'fl.spa5h', 'fl.spa6h', 'scm.ib72h', 'flm.ibch81', 'ar.introva', 'eem.ibdr62', 'mam.alg1', 'eem.ibdr72', 'mam.ibda64', 'eem.ibdr82', 'mam.tut6', 'mam.ib74', 'ssm.ibgh61', 'mam.ib74h', 'eslm.bgen1', 'ss.usgv2ap', 'me.sttutor', 'mam.ib82', 'fnm.stsk1', 'scm.ib82', 'mum.cmsh1', 'cf.nutrwel', 'scm.ib82h', 'cf.fscnut1', 'mam.ib62', 'fnm.stsk4', 'lam.ib61h', 'cf.fscnut2', 'mam.ib62h', 'ma.calcul3', 'ss.21cgwh1', 'mum.bgbd2', 'mum.symb2', 'mum.concb2', 'arm.ib62', 'fl.spa2', 'arm.ib72', 'ss.21gwhh1', 'arm.ib82', 'bem.ibvp82', 'en.eng7h', 'en.eng8h', 'mam.tut7', 'flm.spspkr', 'mum.cmsh2', 'ss.gewhs2h', 'mam.tut8', 'msm.avid82', 'eslm.rw4', 'lam.ib72h', 'lam.ib72', 'ss.gewhst2', 'lam.ib62', 'eslm.rw2', 'ssm.ibgh62', 'ssm.ibg62h', 'pe.insport', 'ssm.ibh82', 'pe.wtraing', 'ssm.ibh82h', 'fl.spa3h', 'flm.ibs82', 'fl.spa4h', 'flm.ibs72', 'en.eng7', 'fnm.stsk2', 'scm.ib62', 'scm.ib62h', 'en.eng8', 'flm.ibch82', 'mam.ib72', 'mam.ib72h', 'msm.dis9', 'en.eng1', 'en.eng2', 'msm.avid62', 'bu.bumkes1', 'bu.bumkes2', 'us.njrsem', 'itm.ibgttm', 'us.njrsem2', 'bu.prsnfin', 'flm.ibf83', 'bu.ldrshp', 'itm.ibgttd', 'pltw.icsi', 'itm.ibgtts', 'lam.ib83', 'eem.tut6', 'eem.tut7', 'mum.cmsh3', 'eem.tut8', 'cf.culnutr', 'lam.ib73', 'pltw.cvl1h', 'mam.ib83', 'pltw.cvl2h', 'lam.ib63', 'eslm.rw3', 'pltw.del1h', 'pltw.del2h', 'pltw.ied1h', 'eslm.bgen3', 'lam.ib82h', 'pltw.ied2h', 'fnm.math3', 'pltw.peg1h', 'ssm.ibgh73', 'pltw.peg2h', 'msm.avid72', 'bu.webdsn2', 'arm.ib73', 'en.advact2', 'arm.ib63', 'me.skills1', 'mam.ib63', 'lam.ib73h', 'mam.ibda62', 'ssm.ibgh63', 'flm.ibs83', 'me.skills2', 'fnm.stsk3', 'flm.ibch72', 'scm.ib63', 'scm.ib63h', 'me.novanet', 'flm.ibch83', 'ar.ceram1', 'mu.chmorc1', 'ar.ceram2', 'mu.chmorc2', 'flm.ibf73', 'ar.draw1', 'us.nrotc5', 'ar.jewel1', 'us.nrotc6', 'ar.jewel2', 'mu.concb1', 'ar.paint1', 'mu.winde1h', 'mu.concb2', 'ar.paint2', 'mu.winde2h', 'ar.photo1', 'ssm.ibg63h', 'mam.ibda61', 'ar.photo2', 'ar.stdo1ap', 'mam.ib61h', 'ar.stdo2ap', 'msm.avid81', 'msm.avid63', 'bu.mgmt', 'msm.avid73', 'bu.mktged', 'lam.ib83h', 'ce.cmpapl', 'scm.ib61h', 'lam.ib63h', 'mum.begor3', 'mum.intor3', 'mum.ador3', 'mum.bgch3', 'scm.ib83', 'cf.chlddev', 'scm.ib83h', 'cf.indliv', 'bem.ibvp61', 'bem.ibvp71', 'bem.ibvp81', 'mum.begor1', 'mum.intor1', 'mum.ador1', 'mum.bgch1', 'mum.bgbd1', 'mum.symb1', 'mum.concb1', 'ssm.ibh83h', 'en.eng1h', 'eem.ibdr61', 'eem.ibdr71', 'eem.ibdr81', 'arm.ib6', 'fnm.read1', 'arm.ib81', 'fnm.read3', 'arm.ib7', 'en.eng2h', 'msm.avid61', 'msm.avid71', 'ssm.ibg73h', 'en.eng3', 'flm.ibf71', 'scm.ib73', 'scm.ib73h', 'flm.ibs71', 'eem.ibdr63', 'eem.ibdr73', 'eem.ibdr83', 'en.eng3h', 'us.nrotc4', 'en.eng4', 'flm.ibch71', 'mam.ib63h', 'en.eng4h', 'ssm.ibg61h', 'mum.bgbd3', 'mum.symb3', 'mum.concb3', 'en.eng6', 'msm.avid83', 'en.eng7ap', 'en.eng8ap', 'en.myth', 'en.thtr1', 'en.thtr2', 'fn.eng1', 'fn.eng2', 'en.yearbk1', 'fn.eng3', 'en.yearbk2', 'scm.ib71', 'fn.eng4', 'fn.eng5', 'fl.fren1', 'scm.ib71h', 'arm.ib83', 'fl.fren2', 'fl.fren3', 'fl.fren4', 'ssm.ibh83', 'fl.fren5', 'fl.fren6', 'fl.ger1', 'fl.ger2', 'ssm.ibg71h', 'en.esl8', 'fl.ger3', 'bu.wbdsin1', 'fl.ger4', 'fl.ger5', 'fl.ger6', 'fl.ger7h', 'flm.ibs73', 'fl.ger8h', 'mam.ib71h', 'fl.lat1', 'fl.lat2', 'fl.lat3', 'bem.ibvp63', 'fl.lat4', 'fl.lat5', 'scm.ib81', 'bem.ibvp73', 'fl.lat6', 'scm.ib81h', 'fl.lat7h', 'bem.ibvp83', 'fl.lat8h', 'fl.spa1', 'mam.ib81', 'mam.ib73', 'lam.ib81h', 'mam.ib73h', 'fl.spa3', 'ssm.ibh81', 'ssm.ibh81h', 'fl.spa4', 'itm.grnarc', 'fl.spa5', 'mam.geoh1', 'fl.spa6', 'fl.spa7h', 'fl.spa8h', 'he.health', 'ss.amlaw', 'en.esl1', 'en.esl2', 'en.esl3', 'en.esl4', 'en.esl5', 'me.peercn1', 'it.arcdr1', 'it.arcdr2', 'it.arcdr3', 'it.arcdr4', 'it.auto1', 'me.peercn2', 'mam.ibda63', 'it.auto2', 'it.techdr1', 'flm.ibch73', 'ma.alg1', 'en.avid101', 'en.avid102', 'ma.alg2', 'en.esl7', 'bu.cactg1h', 'bu.cactg2h', 'itm.ibgtt1', 'fn.math1', 'fn.math2', 'fn.math3', 'fn.math4', 'fn.math5', 'fn.math6', 'fn.math7', 'ma.alg3', 'ma.essen1', 'ma.essen2', 'ma.alg3h', 'fn.sci1', 'fn.sci3', 'ma.alg4', 'fn.sci5', 'fn.sci7', 'fn.sci2', 'fn.sci4', 'fn.sci6', 'fn.eng7', 'ma.alg4h', 'fn.eng6', 'fn.ss1', 'fn.ss3', 'fn.ss5', 'fn.ss7', 'ma.prcal1h', 'fn.ss2', 'fn.ss4', 'fn.ss6', 'ma.prcal2h', 'fn.ss8', 'ma.caab1ap', 'ma.caab2ap', 'ma.cabc2ap', 'fn.eng8', 'ma.cons1', 'ma.cons2', 'fn.math8', 'fn.cfs1', 'ma.fntrig1', 'fn.cfs2', 'ma.fntrig2', 'ma.geo1', 'ss.ushst3h', 'ss.ushst4h', 'sc.pes1', 'sc.pes2', 'elem-gr-kb', 'ma.geo1h', 'sc.bio1', 'sc.bio2', 'ma.geo2', 'sc.cpchm1', 'sc.cpchm2', 'sc.envr1', 'sc.envr2', 'en.reading', 'ma.geo2h', 'en.readin2', 'ma.topics1', 'ma.topics2', 'me.cab1', 'me.cab2', 'me.coun1', 'mu.showch1', 'me.coun2', 'mu.ssaach2', 'mu.chmsgr2', 'mu.ssaach1', 'mu.conch1', 'mu.showch2', 'mu.jazzen2', 'mu.bgvoc1', 'mu.jazzen3', 'mu.bgvoc2', 'mu.march', 'fl.sla9ap', 'mu.symorc1', 'fl.sla10ap', 'mu.symphb1', 've.vace1', 'mu.symphb2', 've.vace2', 'sc.anat1', 'elem-gr-01', 'sc.anat2', 'elem-gr-02', 'sc.anat2h', 'flm.ibf74', 'elem-gr-03', 'flm.ibf84', 'elem-gr-04', 'flm.ibs74', 'sc.bio1ap', 'sc.bio1h', 'elem-gr-05', 'flm.ibs84', 'flm.ibch74', 'flm.ibch84', 'me.link1', 'me.link2', 'bem.ibvp64', 'fnm.math1', 'bem.ibvp74', 'flm.ibf61', 'sc.bio2ap', 'sc.bio2h', 'eslm.rw1', 'bem.ibvp84', 'sc.chem1ap', 'sc.chem2ap', 'ssm.ibgh64', 'ssm.ibg64h', 'msm.avid64', 'lam.ib64', 'sc.cpchm1h', 'lam.ib64h', 'mum.begor4', 'mum.intor4', 'mum.ador4', 'mum.bgch4', 'mum.cmsh4', 'sc.cpchm2h', 'scm.ib84', 'ss.ushst3', 'ss.ushst4', 'scm.ib84h', 'sc.ocean1', 'sc.phy1', 'sc.phy1ap', 'sc.phy1h', 'lam.ib74', 'sc.phy2', 'sc.phy2ap', 'lam.ib74h', 'sc.phy2h', 'ss.usgvpap', 'mam.ib84', 'ss.issues', 'ss.microap', 'ssm.ibh84h', 'ss.psy', 'ss.socio', 'ss.ush1ap', 'eslm.bgen4', 'ss.ush2ap', 've.vace3', 've.vace4', 'mu.chmsgr1', 'fnm.read4', 'en.eng5', 'fnm.math4', 'mam.ib64', 'flm.ibf72', 'flm.ibf82', 'mu.jazzen1', 'mu.jazzen4', 'sc.anat1h', 'bem.ibvp62', 'pe.pe9', 'bem.ibvp72', 'ssm.ibg74h', 'ssm.ibgh74', 'scm.ib74', 'scm.ib74h', 'eem.ibdr64', 'eem.ibdr74', 'eem.ibdr84', 'pe.pe10', 'pe.lifegrd', 'mu.conch2', 'mu.symorc2', 'mam.ib64h', 'ss.psyap1', 'ss.psyap2', 'sc.ocean2', 'mum.bgbd4', 'mum.symb4', 'mum.concb4', 'ma.antrg1', 'ma.antrg2', 'fl.g9ap', 'fl.g10ap', 'arm.ib64', 'fl.f9laap', 'fl.f10laap', 've.vtauto1', 'arm.ib74', 've.vtauto2', 'cf.prostr1', 'arm.ib84', 'cf.prostr2', 'pe.rmhigh', 'msm.avid84', 'ss.macroap', 'en.advact', 'en.intthr', 'ssm.ibh84', 'lam.ib62h', 'flm.ibs61', 'mum.begor2', 'mum.intor2', 'mum.ador2', 'mum.bgch2', 'en.laco1ap', 'en.laco2ap', 'en.tecthr1', 'bu.webdsn1', 'ss.huge1ap', 'ss.huge2ap', 'pe.partner', 'ma.inalge1', 'ma.inalge2', 'ss.usgov', 'us.nrotc1', 'us.nrotc2', 'us.nrotc3', 'us.nrotc7', 'us.nrotc8', 'bu.vidpro1', 'bu.vdprad1', 'bu.vdprad2', 'en.avid91', 'en.avid92', 'en.avid111', 'en.avid112', 'en.avid121', 'en.avid122', 'bu.vidpro2', 'sc.enscap1', 'sc.enscap2', 'bu.mktged2', 'ma.stat1ap', 'ma.stat2ap', 'ss.cncrlaw', 'eem.stsm']"
371,template,[],[],email_vivo1_multiplosmodelos_avparc_boletagem_a4_link,0.9205542241047693,"(('pattern', 1, 'q1', '^[a-zA-Z]+[\\+\\-\\d\\.,]+$', 0.85), ('pattern', 0), 2.596506332006812, 0.07944577589523075, (417, 5338, 192625, 0))","['et170585', 'et180011', 'et180012', 'et180013', 'et181648', 'et181649', 'et190032', 'et190033', 'email_vivo1_multiplosmodelos_avparc_boletagem_a4_link']"
184,clarity,[],[],if,0.9205542241047693,"(('pattern', 1, 'q1', '^[a-zA-Z]+[\\+\\-\\d\\.,]+$', 0.85), ('pattern', 0), 2.596506332006812, 0.07944577589523075, (417, 5338, 192625, 0))","['vs2', 'si1', 'vs1', 'si2', 'vvs2', 'vvs1', 'if', 'i1']"
235,fullname,[],[],virginia,0.9044967504653788,"(('cta', 'name', 0.8, 0.15000000000000002), ('cta', 0.002), 2.204594290004237, 0.09550324953462115, (13, 214, 188130, 10023))","['debra', 'john', 'sharon', 'barbara', 'brandon', 'ryan', 'ashley', 'katherine', 'richard', 'nicole', 'amanda', 'joseph', 'janet', 'thomas', 'sarah', 'charles', 'gary', 'anna', 'brenda', 'rachel', 'donald', 'steven', 'ruth', 'mark', 'ronald', 'andrew', 'george', 'michelle', 'joshua', 'jack', 'dennis', 'stephen', 'edward', 'pamela', 'nancy', 'carol', 'jessica', 'benjamin', 'jerry', 'nicholas', 'carolyn', 'lisa', 'angela', 'alexander', 'emma', 'jacob', 'stephanie', 'raymond', 'kimberly', 'timothy', 'cynthia', 'elizabeth', 'rebecca', 'justin', 'sandra', 'jeffrey', 'kevin', 'eric', 'dorothy', 'donna', 'laura', 'patricia', 'brian', 'susan', 'melissa', 'virginia', 'david', 'jason', 'margaret', 'catherine', 'daniel', 'emily', 'helen', 'matthew', 'gregory', 'frank', 'michael', 'larry', 'jonathan', 'betty', 'samantha', 'karen', 'paul', 'scott', 'jennifer', 'amy', 'christine', 'shirley', 'samuel', 'mary', 'patrick', 'deborah', 'anthony', 'kathleen', 'linda', 'robert', 'christopher', 'kenneth', 'james', 'william']"
1149,watchers email,[],[],jira-admin,0.9012887971431989,"(('pyfunc', 'url', 0.95), ('pyfunc', 'url'), 2.1749175363250157, 0.09871120285680111, (156, 1678, 189725, 6821))","['monica.hall@agency.gov', 'erlich.bachman@agency.gov', 'bertram.gilfoyle@agency.gov', 'jian.yang@agency.gov', 'ron.laflamme@agency.gov', 'nelson.bighetti@agency.gov', 'jack.barker@agency.gov', 'maximo.reyes@agency.gov', 'gavin.belson@agency.gov', 'heidi.evans@agency.gov', 'coleman.blair@agency.gov', 'richard.hendricks@agency.gov', 'peter.gregory@agency.gov', 'jared.dunn@agency.gov', 'jira-admin', 'dinesh.chugtai@agency.gov', 'russ.hanneman@agency.gov', 'laurie.bream@agency.gov', 'ed.chen@agency.gov', 'keenan.feldspar@agency.gov', 'davis.bannercheck@agency.gov', 'kara.swisher@agency.gov', 'aly.dutta@agency.gov']"
150,sig_sonda,[],[],sm-14 (qg-03),0.9003196874132455,"(('pattern', 1, 'fy22', '^[a-zA-Z]+[\\+\\-\\d\\.,]+$', 0.8), ('pattern', 0), 2.525175683775029, 0.09968031258675447, (541, 5338, 192501, 0))","['sc-76', 'sc-82', 'sc-44', 'sc84', 'sc-85', 'sc-95', 'sc-86', 'sc-94', 'sc-92', 'sc-114', 'st-1', 'sc-63', 'sc87', 'cp-2', 'cp-1', 'sc-100', 'sc-97', 'pb-1', 'sc-26', 'sc-107', 'sc-78', 'sc-27', 'sc-103', 'sc-80', 'sc-77', 'sc-111', 'sc-112', 'sc-105', 'sc-35', 'sc-79', 'sc-34', 'sc-20', 'sc47', 'sc-43', 'sc-21', 'sc-5', 'sc-7', 'sc-52', 'sc-39', 'sc-36', 'sc-6', 'sc-22', 'sc-37', 'sc-65', 'sc-67', 'sc-25', 'sc-38', 'sc-53', 'sc-51', 'sc-66', 'sc-68', 'sc-72', 'sc-98', 'sc-102', 'sc-8', 'sc-17', 'sc-28', 'sc-54', 'sc-2', 'sc-4', 'sc-55', 'sc-42', 'sc-29', 'sc-3', 'sc-19', 'sc-16', 'sc-56', 'sc-33', 'sc-12', 'sc-15', 'sc-13', 'sc-18', 'sc-81', 'sc-58', 'sc-60', 'sc-61', 'sc-109', 'sc-64', 'et-4', 'et-3', 'un-4', 'br-1', 'dt-3', 'sc11', 'sc10', 'sc-1', 'dt-2', 'dt-1', 'br-2', 'ag-1', 'pt36', 'ag-3', 'ag-4', 'ad-1', 'ag-2', 'un-2', 'un-1', 'et-1', 'ed-1', 'ad-2', 'un-3', 'ed-2', 'sc-9', 'st-3', 'st-2', 'sc-93', 'sc-48', 'sc-75', 'sc-91', 'sc-70', 'sc-73', 'sc-74', 'sc-69', 'sc-32', 'sc41', 'sc-31', 'sc40', 'sc-24', 'sc-106', 'sc-83', 'un-5', 'sc-50', 'sm-3', 'sm-2', 'qg-01', 'qg-02', 'sm-8', 'sm-14 (qg-03)', 'sm-1', 'sc-96', 'sm-15 (qg-04)', 'sc600', 'cprm', 'cp-4', 'spt-94', 'sc-59', 'rot1', 'rot3', 'et-2', 's-1', 'rot2', 'pf-9', 's-6', 'cnsp', 'sc-110', 'sed4', 'perc', 'sed2', 'enge3', 'mhew', 'p-02', 't-52', 'c440', 'p350', 'tjan', 'sm100', 'rotat', 'inged', 'w-01', 'spt-36', 'sc-57', 'sc-14', 'sc-49', 'spt-57', 'spt-37', 'spt-21', 'lg-2', 'csp02', 'dowel', 'dr250', 'rock1', 'contr', 'rocky', 'jp300', 'pr01', 'rot01', 'lg-1', 'cardw', 'lg-3', 'rot-1', 'p-350', 'csp2', 'rot-3', 'pf-04', 'jupter gp-', 'sp75', 'sr-3', 'sd73', 'sc201', 'pr04', 'sc215', 'sc113', 'at-01', 'sc-23', 'dril', 'rasa', 'sc-30', 'pt19', 'pt27', 'ee-1', 'qp-2', 'cc-1', 'p225', 'eg-1', 's145', 'qp-1', 'ba-2', 'eg-2', 'sm13', 'sc-99', 'j-450', 'ba-1', 'ee-2', 'en-1', 'st-4', 's185', 'h-rig', 'bo-2', 'opl1', 't50b', 'ct-6', 'ms33', 'f100', 's150', 'geos', 'p-5', 'p-3', 'ss-22', 'p-4', 'p-16', 'p-1', 'pa-29', 'ns-17', 'p-6', 'ns-15', 'ns-11', 'ss-16', 'ns-21', 'sm-05', 'ss-39', 'ss-50', 'ss-43', 'ss-41', 'ss-47', 'ss-53', 'ss-51', 'ss-49', 'ns-20', 'ns-14', 'ns-22', 'ss-48', 'ss-54', 'ss-37', 'ns-16', 'p-23', 'ns-18', 'sm-12', 'spm19', 'ss-87', 'ns-2', 'ns-4', 'ss21', 'ns-3', 'ss35', 'ss32', 'spm20', 'ss36', 'ss-9', 'pa27', 'pa-7', 'ss26', 'ns13', 'ss11', 'pa-6', 'ss-4', 'ss-2', 'ss14', 'ss-3', 'ss-5', 'ss-1', 'ns-6', 'ss-7', 'ss-8', 'ns-5', 'ns-8', 'ss31', 'ss25', 'sm11', 'sm-6', 'ss13', 'ns10', 'ss-6', 'ss28', 'pa33', 'spm17', 'ss20', 'ss18', 'pa17', 'sm-7', 'pa11', 'd-40', 'ss42', 'pa31', 'pa22', 'spm21', 'pch2', 'ss40', 'pa-4', 'pa-3', 'pa10', 'pa-2', 'pa12', 'nt-2', 'pa-8', 's702', 'pa18', 'pelr', 'nt-8', 'ss19', 'pt-2', 'pent', 'sm10', 'sm-9', 'pa21', 'ss30', 'pa28', 'ns-7', 'sm-4', 'pa30', 'ss15', 'pa15', 'pa14', 'nt-4', 'nt-3', 'nt-6', 'pa20', 'pa25', 'ns19', 'ss-16 - p', 'pa32', 'spm22', 'nt-5', 'spm-21', 'pt-1', 'nt-7', 'sc88', 'pt-3', 'nsty', 'mu1', 'pa-5', 'ns-1', 'ospt', 'pa19', 'ss12', 'chan', 's472', 'pa24', 'jfp7', 'pa23', 'akey', 's471', 'inte', 'alas', 'keyg', 'rowm', 'd511', 'beno', 'savi', 'diag', 'diah', 'ns12', 'diae', 'keyw', 'ghi9', 'failling 1', 'pa-34', 'un-05', 'ss-52', 'ns-24', 'ss-55', 'ss-56', 'ss-40', 'ns-19', 'ns-07', 'ns-23', 'stt', 'ss-57', 'ns-09', 'the 156', 'wsa', 'ns-47', 'ss-59', 'ss-74', 'ns-45', 'bd-02', 'ns-31', 'ns-41', 'ss-73', 'saipem-3', 'fv-2', 'ns-25', 'mischief', 'bd-01', 'cd-01', 'gll', 'glr', 'pbr-3', 'ss-72', 'oq', 'ss-45', 'ns-34', 'global', 'ns-43', 'ss-78', 'ncb', 'ss-66', 'ns-30', 'ns-44', 'ds9', 'ns-42', 'ns-32', 'ss-67', 'ss-20', 'sovex', 'wp', 'saip', 'ss-60', 'nb2', 'ns-26', 'ss17', 'deal-1', 'ss-64', 'dr-a', 'e-5004', 'ol', 'oa', 'dr-b', 'pvz', 'ss-46', 'se-1', 'ds4', 'ns-33', 'pa-37', 'ss-79', 'ns-48', 'ss-69', 'ss-86', 'ss-76', 'ss-84', 'ss-75', 'ns-40', 'ss-58', 'ss-71', 'ss-77', 'ns-38', 'ns-31, ns-33', 'ns-41, ns-42', 'ns-36', 'ss-83', 'ss-85', 'ns-29', 'ss-81', 'ss-70', 'mgd-01', 'hg-02', 'ss-61', 'cr-02', 'pa-35', 'p-37', 'p-59', 'ss-80', 'pa-36', 'ns-43, ns-44', 'ss-68', 'ns-46', 'ss-62', 'ss-82', 'ss-88', 'ss-63', 'ns-32, ns-41, ss-70', 'ns-39', 'ns-37', 'ss-65', 'ns-39, ns-40', 'ns-27', 'ns-35', 'pb-3', 'os', 'e-5002', 'seaexp', 'myl', 'nms', 'bch-2', 'bch-1', 'psy-11 (spn)', 'psy-01 (spb)', 'great122 (tus 122/df-02)', 'psy-02 (sps)', 'great126 (126/tus 126/df-06)', 'sc-115', 'great120 (tus 120)', 'ime-01', 'etx-02', 'spn', 'etx-05', 'elf-02', 'ebs-05', 'great128 (oil 128/tus 128/df-08)', 'bch-5e', 'sc-117', 'pr-04', 'ebs-05 (spt-64)', 'cw-02', 'vit-01', 'bch-3', 'bch-06', 'spp-06', 'hg-01', 'sp-01', 'at-05', 's-85', 'sepe-01', 'sc-108', 'percussora da promin', 'failling 125', 'stp-03', 'bch-8', 'spp-08', 'spp-10', 'bch-10', 'km', 'df-07', 'df-09', 'elf-01', 'bch-4', 'st-03', 'stp-101', 'spt-27', 'shrp - 01', 'spt-22', 'ces-105', 'qg viii', 'bch12', 'great125 (tus 125/df-05)', 'sc-116', 'great106 (tus 106)', 'great105', 'hk-06', 'sat-2600', 'gn-1', 'fv-1', 'rnb-2', 'qg-06', 'nic 01', 'hyper1', 'hp-1', 'qg ix', 'cw-01', 'gn-2', 'tus116', 'tus115', 'asp-03', 'rls', 'pr-02', 'df-04', 'prn-01', 'q100', 'shrp-02', 'spp-04', 'alt-107', 'saipem-02', 'prn-01, shrp-05', 'ces-107', 'spt-127', 'shrp-04', 'etx-03', 'prt-01', 'etx-04', 'ebs-07', 'spp-07', 'ral-02', 'ral-01', 'sc-62', 'great127 (oil 127/tus 127)', 'qg-v', 'ces-761', 'qg-07', 'sai-368', 'sps-01', 'sai-29', 'saipem-01', 'hk-08', 'ebs-08', 'gn-01', 'spp-13', 'ces-104', 'spt-10', 'spt10 braserv', 'ces-110', 'hd-03', 'sonda rotativa', 'march1200', 'a-03', 'spt-84', 'sed-03', 'spp-09', 'park', 'ccp1', 'tjaw', 'tjam', 'prominas p', 'cr-01', 'spt-75', 'sp-07', 'sp - 02', 'ebs-04', 'rp-h1', 'ssp-04']"
