header,ground_truth,ground_truth_debatable,outlier,conf,SDC,dist_val
region,['xoutlets'],[],xoutlets,0.9849319558776335,"(('sbert', 1, 'indiana', 0.8, 1.1), ('sbert', 1.35), 1.7843046216235674, 0.015068044122366474, (1, 371, 195499, 102528))","['arizona', 'atlanta', 'colorado', 'connecticut', 'florida', 'greater nyc', 'hawaii', 'illinois', 'indiana', 'massachusetts', 'md', 'michigan', 'missouri', 'new jersey', 'no california', 'ohio', 'other', 'xoutlets', 'so california', 'texas', 'upstate ny', 'virginia', 'washington state']"
f,['indonasia'],[],indonasia,0.983402358300966,"(('sbert', 1, 'canada', 0.8, 1.1), ('sbert', 1.35), 1.539449716876121, 0.016597641699033952, (18, 1690, 174076, 122615))","['uae', 'malaysia', 'indonasia', 'kenya', 'qatar', 'iraq', 'russia', 'canada', 'oman']"
last inspection date,['new facility'],[],new facility,0.9650588950808385,"(('pattern', 1, '99/08/27', '^[\\+\\-\\d\\.,]+/[\\+\\-\\d\\.,]+/[\\+\\-\\d\\.,]+$', 0.98), ('pattern', 0), 2.8105159098851455, 0.03494110491916143, (58, 2078, 296263, 0))","['12/3/2020', '11/5/2020', '2/5/2021', 'new facility', '10/23/2020', '10/7/2020', '3/26/2021', '1/27/2021', '2/3/2021', '12/10/2020', '12/16/2020', '12/11/2020', '2/10/2021', '1/13/2021', '9/24/2020', '5/13/2021', '9/25/2020', '11/20/2020', '10/21/2020', '1/29/2021', '3/11/2021', '4/21/2021', '1/6/2021', '2/24/2021', '10/9/2020', '3/17/2021', '4/28/2021', '3/10/2021', '10/1/2020', '5/20/2021', '6/11/2021', '11/6/2020', '5/27/2021', '6/10/2021', '9/17/2020', '3/31/2021', '11/19/2020', '6/17/2021', '3/3/2021', '11/25/2020', '4/14/2021', '12/30/2020', '4/8/2021', '4/16/2021', '12/9/2020', '7/11/2019', '5/6/2021', '10/15/2020', '1/21/2021', '10/14/2020', '4/7/2021', '12/18/2020', '11/11/2020', '3/24/2021', '8/1/2019', '5/17/2021', '10/24/2019', '12/17/2020', '5/18/2021', '7/18/2019', '4/12/2018', '11/7/2019', '10/11/2017', '10/25/2018', '1/9/2020', '10/20/2017', '12/5/2019', '9/15/2018', '8/23/2018', '5/8/2008', '9/5/2017', '6/20/2019', '9/15/2017', '11/8/2018', '6/14/2014', '9/19/2019', '9/17/2018', '9/21/2018', '8/14/2018', '9/11/2018', '10/16/2018', '9/27/2018', '3/12/2021']"
clean country,['self-employed'],[],self-employed,0.9605635761517898,"(('embed', 1, 'australia', 0.8, 6.0), ('embed', 8.0), 1.4483573416615505, 0.039436423848210174, (51, 1640, 181693, 115015))","['pakistan', 'india', 'ethiopia', 'cambodia', 'sri lanka', 'bangladesh', 'philippines', 'latin america', 'indonesia', 'brasil', 'bhutan', 'aruba', 'republic of georgia', 'zambia', 'armenia', 'colombia', 'guyana', 'dominican republic', 'mongolia', 'romania', 'ukraine', 'thailand', 'baltic', 'dubai', 'nigeria', 'mauritius', 'brazil', 'south africa', 'bolivia', 'usa', 'vietnam', 'mexico', 'tunisia', 'malaysia', 'hungary', 'mys', 'asia', 'iran', 'uae', 'spain', 'estonia', 'slovakia', 'montenegro', 'morocco', 'bulgaria', 'saudi arabia', 'lithuania', 'myanmar', 'croatia', 'china', 'portugal', 'republica dominicana', 'kuwait', 'uk', 'peru', 'poland', 'ghana', 'italy', 'slovenia', 'egypt', 'hong kong', 'australia', 'canada', 'paraguay', 'denmark', 'greece', 'albania', 'singapore', 'arabian gulf', 'argentina', 'russia', 'mozambique', 'libya', 'panama', 'costa rica', 'germany', 'israel', 'uruguay', 'azerbaijan', 'czech republic', 'turkey', 'netherlands', 'zimbabwe', 'belgium', 'new zealand', 'japan', 'iceland', 'france', 'ireland', 'qatar', 'self-employed', 'europe', 'austria', 'kenya', 'finland', 'cee', 'norway', 'sweden', 'bermuda', 'somalia', 'central america', 'uganda', 'oman', 'switzerland', 'lesotho']"
country,[],[],eswatini,0.9426346897464274,"(('embed', 1, 'mexico', 0.8, 6.0), ('embed', 10.5), 1.2871670157112056, 0.05736531025357259, (100, 2008, 171089, 125202))","['india', 'iran (islamic republic of)', 'kyrgyzstan', 'maldives', 'sri lanka', 'turkmenistan', 'uzbekistan', 'china', 'china, hong kong special administrative region', 'china, macao special administrative region', 'indonesia', 'malaysia', 'mongolia', 'myanmar', 'philippines', 'republic of korea', 'singapore', 'thailand', 'albania', 'andorra', 'belarus', 'belgium', 'bermuda', 'denmark', 'estonia', 'finland', 'france', 'gibraltar', 'hungary', 'italy', 'latvia', 'monaco', 'netherlands', 'norway', 'poland', 'portugal', 'republic of moldova', 'san marino', 'slovakia', 'slovenia', 'spain', 'switzerland', 'ukraine', 'anguilla', 'antigua and barbuda', 'argentina', 'bolivia (plurinational state of)', 'brazil', 'british virgin islands', 'cayman islands', 'colombia', 'costa rica', 'cuba', 'dominica', 'ecuador', 'el salvador', 'grenada', 'guatemala', 'jamaica', 'mexico', 'montserrat', 'paraguay', 'peru', 'saint kitts and nevis', 'saint lucia', 'saint vincent and the grenadines', 'turks and caicos islands', 'uruguay', 'armenia', 'azerbaijan', 'bahrain', 'egypt', 'georgia', 'israel', 'jordan', 'kuwait', 'lebanon', 'morocco', 'oman', 'palestine', 'qatar', 'saudi arabia', 'tunisia', 'united arab emirates', 'australia', 'cook islands', 'niue', 'samoa', 'solomon islands', 'tokelau', 'tuvalu', 'angola', 'botswana', 'burkina faso', 'burundi', 'cabo verde', 'cameroon', 'comoros', 'democratic republic of the congo', 'eswatini', 'ghana', 'guinea', 'madagascar', 'mauritius', 'niger', 'rwanda', 'senegal']"
mail,[],[],area6@criferrara.it; cp.ferrara@cri.it,0.9292620285896946,"(('pyfunc', 'email', 0.98), ('pyfunc', 'email'), 2.6809063412438947, 0.07073797141030541, (38, 691, 297670, 0))","['cp.avellino@cri.it', 'cl.bagnoaripoli@cri.it', 'cp.cagliari@cri.it', 'cl.canelli@cri.it', 'cl.caninocellereischiadicastro@cri.it', 'cl.caraglio@cri.it', 'cp.asti@cri.it', 'cl.castelnuovodonbosco@cri.it', 'cp.catanzaro@cri.it', 'cl.cepagatti@cri.it', 'cl.civitavecchia@cri.it', 'cl.cordogno@cri.it', 'cl.codogno.sviluppo@lombardia.cri.it', 'cl.appia@cri.it', 'cl.correggio@cri.it;', 'cl.costaamalfitana@cri.it;', 'cl.crescentino@cri.it;', 'cp.crotone@cri.it', 'cl.cuneo@cri.it', 'cl.domodossola@cri.it', 'cl.empoli@cri.it', 'area6@criferrara.it; cp.ferrara@cri.it', 'cl.finaleemilia@cri.it', 'cp.firenze@cri.it', 'cp.foggia@cri.it;', 'cl.formello@cri.it;', 'cl.frattamaggiore@cri.it', 'cp.frosinone@cri.it', 'cl.gardonevaltrompia@cri.it', 'cl.giaveno@cri.it', 'cl.giulianova@cri.it', 'segreteria@crigreve.it', 'cp.grosseto@cri.it', 'cp.imola@cri.it', 'cl.jesi@cri.it', 'cl.lameziaterme@cri.it', 'cl.lavello@cri.it', 'cp.lucca@cri.it', 'cl.mappano@cri.it', 'cl.medioverbano@cri.it', 'cp.milano@cri.it', 'cp.modena@cri.it', 'cl.morlupo@cri.it', 'cp.nuoro@cri.it', 'cl.oleggio@cri.it', 'cl.osimo@cri.it', 'cl.ostuni@cri.it', 'cp.padova@cri.it', 'cl.penne@cri.it', 'cl.pescara@cri.it', 'cl.peveragno@cri.it', 'cp.piacenza@cri.it', 'cl.pianapistoiese@cri.it', 'cl.pitigliano@cri.it', 'cl.poirino@cri.it', 'cl.reggiocalabria@cri.it', 'cp.reggioemilia@cri.it', 'regalisolidali@criroma.org', 'cl.roma13-14@cri.it', 'cl.roma15@cri.it', 'cl.roma4@cri.it', 'cl.roma6@cri.it', 'cl.roma7@cri.it', 'cl.roma9@cri.it', 'cl.sabatino@cri.it', 'cp.salerno@cri.it', 'cl.sandonatomilanese@cri.it', 'cl.sanremo@cri.it', 'cl.sapri@cri.it', 'cl.saronno@cri.it', 'cp.savona@cri.it', 'cl.scandiano@cri.it', 'cp.siracusa@cri.it', 'cl.stradella@cri.it', 'cl.suvereto@cri.it', 'cl.taurianova@cri.it', 'cl.tizzanovalparma@cri.it', 'cl.vallatadelgallico@cri.it', 'sviluppo@vda.cri.it', 'cp.verbania@cri.it', 'cl.vigodarzere@cri.it']"
gene name,['-'],[],-,0.9194119377304396,"(('pattern', 1, 'n7', '^[a-zA-Z]+[\\+\\-\\d\\.,]+$', 0.98), ('pattern', 0), 2.5946111409193917, 0.08058806226956042, (356, 4524, 293519, 0))","['-', 'yro2', 'akl1', 'mrs5', 'met8', 'srb6', 'mrpl27', 'sps22', 'abp1', 'whi4', 'maf1', 'gcn4', 'aft1', 'seh1', 'tif4631', 'mrpl9', 'nas6', 'cbp2', 'stp2', 'nop10', 'ste12', 'dse2', 'fmp34', 'skn7', 'pog1', 'pau1', 'ymr1', 'srl3', 'pau17', 'bre2', 'ecm22', 'pex30', 'vid22', 'pau4', 'atp18', 'kar5', 'mot3', 'vti1', 'ark1', 'bio4', 'rri2', 'msb1', 'rpl20b', 'gpb1', 'nab3', 'fzo1', 'smp1', 'fen1', 'ssk22', 'clb3', 'cdc13', 'sac3', 'spc110', 'ugo1', 'bim1', 'atg1', 'fkh1', 'mhp1', 'tfa1', 'vph2', 'tpk3', 'dre2', 'spo77', 'slm2', 'lem3', 'rgs2', 'myo2', 'bem3', 'tpk2', 'fhl1', 'alg1', 'pph22', 'stn1', 'she9', 'ppz2', 'dsf1', 'rph1', 'sut1', 'kip3', 'adh4', 'ski6', 'dma1', 'mph1', 'rpa34', 'rsf1', 'sam37', 'sko1', 'mgs1', 'pfk27', 'nfi1', 'tre1', 'mrn1', 'gal4', 'aqy1', 'pho13', 'ssd1', 'jhd1', 'slm1', 'prr1', 'msg5', 'ndj1', 'cln3', 'seo1', 'swh1', 'tod6', 'kip1', 'mnn2', 'sli15', 'ics2', 'amn1', 'ypc1', 'pbp2', 'spo23', 'pca1', 'bik1', 'syp1', 'snt1', 'pho87', 'asm4', 'sna4', 'rbs1', 'prr2', 'reg1', 'ipt1', 'ste5', 'swi5', 'ssy1', 'coq4', 'upc2', 'adr1', 'rsc3', 'sum1', 'msn5', 'sbe2', 'heh2', 'psp1', 'acn9', 'ynd1', 'sap1', 'kap123', 'boi2', 'yck3', 'rsp5', 'bck2', 'grx4', 'wwm1', 'tub2', 'lsb3', 'cdh1', 'kap122', 'tif4632', 'hsf1', 'hul5', 'pmr1', 'sdt1', 'art5', 'clb6', 'cho2', 'crm1', 'mga1', 'ste20', 'erg11', 'inm1', 'nam8', 'sfb3', 'cdc12', 'ndt80', 'yck1', 'skg6', 'sec28', 'prk1', 'vhs2', 'ubp7', 'rtt101', 'iks1', 'srs2', 'sap185', 'set4', 'mrs3', 'cdc6', 'ecm25', 'grr1', 'nmd5', 'tul1', 'hap4', 'sds22', 'mnn4', 'fre2', 'pap1', 'aly1', 'esl2', 'ubp11', 'bas1', 'sfi1', 'ssk1', 'sed5', 'acs2', 'skg3', 'hrd3', 'ccc1', 'kap95', 'stp3', 'sec61', 'bdf1', 'ppz1', 'yox1', 'tda9', 'cdc5', 'hof1', 'isf1', 'mmt1', 'fkh2', 'mlf3', 'rho2', 'rho5', 'kar1', 'rap1', 'sqs1', 'ure2', 'bni4', 'bor1', 'pus4', 'cla4', 'vps27', 'hrd1', 'msn1', 'slg1', 'cin5', 'hms1', 'exo1', 'inp53', 'rga1', 'afi1', 'ste4', 'scd5', 'tea1', 'ulp1', 'ecm23', 'sks1', 'rlm1', 'dbp1', 'kap120', 'tbf1', 'gip3', 'kip2', 'vik1', 'bbp1', 'cln2', 'kar9', 'haa1', 'rox1', 'hos1', 'clb2', 'clb5', 'pol32', 'gip4', 'dtr1', 'ngr1', 'tfc6', 'cym1', 'pes4', 'kha1', 'hcs1', 'mst1', 'mrs4', 'skp2', 'hrp1', 'pde2', 'elp3', 'spc72', 'pth2', 'tat1', 'msi1', 'dur1_2', 'ubx7', 'mal31', 'hmlalpha2', 'rpn4', 'fad1', 'mbp1', 'yfh1', 'grx3', 'nup42', 'ivy1', 'vhs1', 'met32', 'swa2', 'slf1', 'hlr1', 'gip2', 'com2', 'alr2', 'rsc8', 'pgd1', 'lsg1', 'fzf1', 'cbf2', 'apm2', 'mip6', 'smf2', 'tda11', 'yur1', 'gef1', 'ptk2', 'ime1', 'spt23', 'phd1', 'rrn3', 'mcd4', 'ash1', 'ppr1', 'kin2', 'tis11', 'fre1', 'bud8', 'ndc1', 'ymd8', 'sma2', 'itt1', 'dat1', 'pho84', 'mac1', 'sub1', 'sen15', 'vps20', 'ilv2', 'jnm1', 'oca2', 'rrt16', 'kex2', 'sec12', 'izh4', 'trm11', 'alr1', 'tgl5', 'whi5', 'cex1', 'azf1', 'noc2', 'rcn2', 'vph1', 'sly41', 'prt1', 'ndd1', 'fre3', 'sur1', 'rad53', 'aim44', 'aft2', 'mdl1', 'sol1', 'urc2', 'cdc24', 'sho1', 'nab2', 'met13', 'yap1802', 'cst6', 'axl2', 'mif2', 'pdr8', 'nup53', 'npr1', 'ypt11', 'rfc4', 'slk19', 'mdh3', 'dld2', 'rli1', 'alt2', 'swr1', 'rad3', 'rck1', 'atf2', 'atg7', 'tax4', 'mns1', 'lap4', 'apl2', 'kkq8', 'sls1', 'vps34', 'tps3', 'jid1', 'arr1', 'mst28', 'fat1', 'rdh54', 'ptc4', 'smy2', 'pgi1', 'leu2', 'cha1', 'ack1', 'gis1', 'stb3', 'pep7', 'irc3', 'gnp1', 'pcl6', 'ilv1', 'avt6', 'ubp3', 'cdc4', 'bud27', 'dbp3', 'gpi10', 'kem1', 'ask10', 'spt6', 'yta7', 'bio2', 'ire1', 'ulp2', 'neo1', 'sln1', 'sgn1', 'mga2', 'gsm1', 'ubp12', 'acf4', 'mnr2', 'bud2', 'pam17', 'fre6', 'fre8', 'thi7', 'spt21', 'sky1', 'zds1', 'cat8', 'vac7', 'inp52', 'chs1', 'orc5', 'yif1', 'mrpl10', 'top1', 'csi2', 'rod1', 'alg8', 'vps21', 'ldb19', 'vts1', 'trm44', 'muk1', 'bro1', 'syh1', 'kes1', 'kel3', 'csr2', 'sec23', 'tcp1', 'pdr3', 'rkm3', 'rdi1', 'pcl9', 'glc8', 'sut2', 'gfd2', 'mtm1', 'ksp1', 'mbr1', 'stu2', 'nyv1', 'rim11', 'aqr1', 'sia1', 'vtc3', 'ncl1', 'cta1', 'rps8b', 'atg18', 'mrf1', 'pfs1', 'prm2', 'dhr2', 'rpl15b', 'abp140', 'tpo4', 'grx5', 'gts1', 'erv1', 'pet111', 'png1', 'cox11', 'rpl19a', 'brf1', 'vhr1', 'ufd4', 'trs130', 'matalpha2', 'pib1', 'dit1', 'mig3', 'ubp9', 'rmd8', 'gsh1', 'cue2', 'asp3-4', 'mdm30', 'aim32', 'cik1', 'sil1', 'dnl4', 'spo19', 'sam3', 'dug2', 'yke4', 'gpi14', 'yta6']"
f,['ngpnwg'],[],ngpnwg,0.9194119377304396,"(('pattern', 1, 'n7', '^[a-zA-Z]+[\\+\\-\\d\\.,]+$', 0.98), ('pattern', 0), 2.5946111409193917, 0.08058806226956042, (356, 4524, 293519, 0))","['ngp05162', 'ngp05241', 'ngp05211', 'ngp02131', 'ngp03151', 'ngp01141', 'ngp03232', 'ngp05111', 'ngp01121', 'ngp03181', 'ngp03211', 'ngp01241', 'ngp03171', 'ngp05242', 'ngp05222', 'ngp05271', 'ngp05232', 'ngp01211', 'ngp05281', 'ngp01131', 'ngp02141', 'ngp05261', 'ngp05272', 'ngp02151', 'ngp03161', 'ngp05122', 'ngp03221', 'ngp01111', 'ngp03264', 'ngp05221', 'ngp03131', 'ngp02111', 'ngp03121', 'ngp05212', 'ngp01221', 'ngp03261', 'ngp01213', 'ngp05142', 'ngp05151', 'ngp03212', 'ngp05132', 'ngp03141', 'ngp03111', 'ngp02121', 'ngp02181', 'ngp05163', 'ngp05152', 'ngp03262', 'ngp05172', 'ngp05133', 'ngp02243', 'ngpnwg']"
code produit,[],[],transp 1,0.9194119377304396,"(('pattern', 1, 'n7', '^[a-zA-Z]+[\\+\\-\\d\\.,]+$', 0.98), ('pattern', 0), 2.5946111409193917, 0.08058806226956042, (356, 4524, 293519, 0))","['mel003', 'mel004', 'mel005', 'mel006', 'mel007', 'mel008', 'mel009', 'mel010', 'mel011', 'mel012', 'mel013', 'mel014', 'mel015', 'mel016', 'mel017', 'mel018', 'mel019', 'mel020', 'gra001', 'gra002', 'gra003', 'gra004', 'gra005', 'gra006', 'gra007', 'gra008', 'gra009', 'gra010', 'gra011', 'gra012', 'gra013', 'gra014', 'gra015', 'gra016', 'gra017', 'gra018', 'gra019', 'gra020', 'gra021', 'gra022', 'gra023', 'gra024', 'gra025', 'gra026', 'gra027', 'gra028', 'gra029', 'gra030', 'gra031', 'gra032', 'gra033', 'gra034', 'gra035', 'gra036', 'gra037', 'gra038', 'gra039', 'gra040', 'gra041', 'gra042', 'gra043', 'gra044', 'gra045', 'gra046', 'gra047', 'gra048', 'gra049', 'gra050', 'gra051', 'gra052', 'gra053', 'gra054', 'gra055', 'gra056', 'gra057', 'gra058', 'gra059', 'gra060', 'gra061', 'gra062', 'gra063', 'gra064', 'gra065', 'gra066', 'gra067', 'gra068', 'gra069', 'gra070', 'gra071', 'gra072', 'gra073', 'gra074', 'gra075', 'gra076', 'gra077', 'gra078', 'gra079', 'gra080', 'gra081', 'gra082', 'gra083', 'gra084', 'gra085', 'gra086', 'gra087', 'gra088', 'gra089', 'gra090', 'gra091', 'gra092', 'gra093', 'gra094', 'gra095', 'gra096', 'gra097', 'gra098', 'gra099', 'gra100', 'gra101', 'gra102', 'gra103', 'gra104', 'gra105', 'gra106', 'gra107', 'gra108', 'gra109', 'gra110', 'gra111', 'gra112', 'gra113', 'gra114', 'gra115', 'gra116', 'gra117', 'gra118', 'gra119', 'pat01', 'pat02', 'pat03', 'pat04', 'pat05', 'pat06', 'pat07', 'pat08', 'pat09', 'pat10', 'pat11', 'pat12', 'pat13', 'pat14', 'pat15', 'pat16', 'pat17', 'pat18', 'pat19', 'pat20', 'pat21', 'pat22', 'pat23', 'pat24', 'pat25', 'pat26', 'pat27', 'pat28', 'pat29', 'pat30', 'pat31', 'pat32', 'pat33', 'pat34', 'pat35', 'pat36', 'pat37', 'pat38', 'pat39', 'pat40', 'pat41', 'pat42', 'pat43', 'pat44', 'pat45', 'pat46', 'pat47', 'pat48', 'pat49', 'pat50', 'pat51', 'pat52', 'pat53', 'pat54', 'pat55', 'pat56', 'pat57', 'pat58', 'pat59', 'ent01', 'ent02', 'ent03', 'ent04', 'ent05', 'ent06', 'ent07', 'ent08', 'ent09', 'ent10', 'ent11', 'ent12', 'ent13', 'ent14', 'ent15', 'ent16', 'ent17', 'ent18', 'ent19', 'ent20', 'ent21', 'ent22', 'ent23', 'ent24', 'ent25', 'ent26', 'santee01', 'santee02', 'santee03', 'santee04', 'santee05', 'santee06', 'santee07', 'santee08', 'santee09', 'santee10', 'santee11', 'santee12', 'santee13', 'santee14', 'santee15', 'santee16', 'santee17', 'santee18', 'santee19', 'santee20', 'santee21', 'santee22', 'santee23', 'santee24', 'mat01', 'mat02', 'mat03', 'mat04', 'mat05', 'mat06', 'mat07', 'mat08', 'mat09', 'mat10', 'mat11', 'mat12', 'mat13', 'mat14', 'mat15', 'mat16', 'mat17', 'mat18', 'mat19', 'mat20', 'mat21', 'mat22', 'mat23', 'mat24', 'mat25', 'mat26', 'mat27', 'mat28', 'mat29', 'mat30', 'mat31', 'mat32', 'mat33', 'mat34', 'mat35', 'mat36', 'mat37', 'mat38', 'mat39', 'mat40', 'mat41', 'mat42', 'mat43', 'mat44', 'mat45', 'mat46', 'mat47', 'mat48', 'mat49', 'mat50', 'mat51', 'mat52', 'mat53', 'mat54', 'mat55', 'mat56', 'mat57', 'mat58', 'mat59', 'mat60', 'cages01', 'cages02', 'cages03', 'cages04', 'cages05', 'cages06', 'cages07', 'cages08', 'cages09', 'cages10', 'cages11', 'cages12', 'cages13', 'cages14', 'cages15', 'cages16', 'cages17', 'congelees1', 'congelees2', 'transp 1', 'transp 2', 'transp 3', 'transp 4', 'facade 1', 'facade 2']"
ホームページ,[],['http://www.plasmashower.com/?napm=ct%3djhsmuxew%7cci%3d0yo0002t%5fetpufcjt1l%5f%7ctr%3dbrnd%7chk%3d9964d84178dd6d19699c4d2e1f44851ce17f692d'],http://www.plasmashower.com/?napm=ct%3djhsmuxew%7cci%3d0yo0002t%5fetpufcjt1l%5f%7ctr%3dbrnd%7chk%3d9964d84178dd6d19699c4d2e1f44851ce17f692d,0.9016204752368534,"(('pyfunc', 'url', 0.99), ('pyfunc', 'url'), 2.511544158982464, 0.09837952476314657, (5780, 54428, 238191, 0))","['www.ewhamask.com', 'www.cellreturn.com', 'www.hitecgreenway.com', 'http://www.howskin.net/', 'http://www.plasmashower.com/?napm=ct%3djhsmuxew%7cci%3d0yo0002t%5fetpufcjt1l%5f%7ctr%3dbrnd%7chk%3d9964d84178dd6d19699c4d2e1f44851ce17f692d', 'www.diosaskin.com', 'www.rubymask.com', 'www.doctorstech.com', 'www.ledvrang.com', 'http://www.nutricare.co.kr', 'www.viviball.com', 'www.grentech.co.kr', 'www.nionbeauty.com', 'www.reclar.co.kr', 'www.cooskin.co.kr', 'www.lillycover.com', 'www.sunglimbnc.com', 'www.apsun-slim.co.kr', 'www.cosmomd.co.kr', 'www.pandhys.co.kr', 'www.neogenesis.co.kr', 'www.nphglobal.com', 'www.ptn-healthcare.de', 'www.shenb.com', 'www.bravomdp.com', 'www.unny.co.kr', 'www.cellnco.com', 'www.glamfox.co.kr', 'http://flalia.co.kr/', 'www.js-cnbproducts.com', 'www.ympuff2002.com', 'www.cosmelab.com/www.g9skin.com/www.berrisom.com', 'www.rire.co.kr', 'www.amokcs.co.kr', 'http://wlab.co.kr', 'www.hopegirl.co.kr', 'www.stbinternational.co.kr', 'http://beauty-cat.co.kr', 'www.heelaa.co.kr', 'http://www.lotreeshop.com/', 'www.mayucare.co.kr', 'http://www.skinami.co.kr/', 'www.biocos.co.kr', 'www.youthfulkorea.com', 'http://9wishes.co.kr', 'http://www.daon.co', 'www.dermaject.com', 'www.red99.co.kr', 'www.woosincos.co.kr', 'www.gmccompany.com', 'www.eowater.kr', 'www.dncompany.co.kr', 'http://www.11huesday.com', 'http://www.banobagicosmetic.com/', 'www.haruen.kr', 'www.beuins.com', 'www.oxygenceuticals.com', 'www.myearthday.co.kr', 'http://www.themaqueen.co.kr', 'www.tovstyle.com', 'www.texkor.com', 'www.jngcos.co.kr', 'http://hello-skin.com', 'www.symedipharm.com', 'www.kbgrg3.com', 'http://grinif.co.kr', 'http://www.dalba.co.kr', 'http://idasoni.com/', 'www.milkydress.com', 'www.tyf.co.kr', 'www.classys.com', 'http://www.seantree.com', 'www.huway.kr', 'www.cellviocosmetic.co.kr', 'http://www.soroci.com', 'www.suntique.co.kr', 'www.airqueen.co.kr', 'http://pharmtreemall.com', 'www.dermameal.com', 'www.biomeek.com', 'www.derma-history.com', 'www.ems-trade.co.kr', 'www.tishaac.com', 'www.avajar.co.kr', 'www.whenmask.co.kr', 'http://www.healingnbeauty.com/index/', 'www.labottachshop.com', 'www.jincostech.com', 'http://www.batistehair.co.kr', 'www.doctoralthea.co.kr', 'http://www.wishformula.co.kr', 'www.georganic.co.kr', 'http://www.theorchidskin.com/', 'www.stylekorean.com', 'https://www.gtincos.com', 'www.bonair.kr', 'www.prettain.com', 'www.baegayul.com', 'http://www.caolion.com', 'http://www.jbpkorea.com', 'www.mimiang.com', 'www.kocostar.co.kr', 'http://xoul.co.kr', 'www.jsglobalcorp.com', 'www.oka.co.kr', 'www.reinplatz.com', 'www.royalskin.com', 'www.urangnatural.com', 'www.beauren.com', 'www.kocoslab.com', 'www.medi-us.co.kr', 'www.rapern.com', 'www.peaceofskin.com', 'www.luthione.co.kr', 'http://www.l2lglobal.com/default/', 'www.paranmedicos.com', 'www.celluna.co.kr', 'http://www.cnocosmetics.com', 'http://btcosmetic.com', 'http://www.imls.co.kr/main/main.php', 'http://www.lifetogether.co.kr', 'http://www.hanwoong.co.kr', 'http://happyvegans.kr', 'www.coscodi.co.kr', 'www.beautybiz.kr', 'www.gaiaintl.co.kr', 'http://www.oh-cho.com', 'http://www.bestsolution1.co.kr/', 'www.kime.co.kr', 'www.humanbt.com', 'www.cnncos.co.kr', 'http://www.spometics.com/', 'www.charmzonenc1.co.kr/', 'www.commleaf.com', 'www.cosmedician.com', 'www.kbidi.or.kr', 'www.manyo.co.kr', 'www.minehouse.co.kr', 'www.newlandallnature.com', 'www.noksibcho.com', 'www.proyou.com', 'www.lookatmecos.co.kr', 'www.atexmedical.com', 'www.mediface.co.kr', 'http://www.cosmo-bio.co.kr/', 'https://www.teana-team.ru/eng', 'www.wettrustglobal.com', 'www.jilgyungyi.com', 'www.sk-filter.co.kr', 'www.adsi.at', 'www.eolracellbio.com', 'www.rootree.co.kr', 'www.ovaco.net', 'www.hanbitkorea.co.kr', 'http://organicisland.com.au/', 'www.calluspeel.com', 'http://www.ipiacosmetic.co.kr', 'www.pamseshop.com', 'http://www.daejoomedical.com', 'www.labnpeople.com', 'www.raparay.com', 'www.arocosmetic.co.kr', 'http://cliphouse.co.kr/', 'www.clmedisys.com', 'http://aura.com.hk', 'http://beaute.one', 'http://www.brandoem.co.th', 'https://bayeco.com.au/', 'https://www.dermacol.com/', 'www.ainbiocos.co.kr', 'www.alphanova.fr', 'www.ashana-b.com', 'www.biorius.com', 'www.bioseasons.com', 'www.gabc.co.kr', 'www.guayapi.com', 'www.ibeautycollection.com', 'www.jalema.com.cn', 'www.kompozers.com', 'www.lespoulettes-paris.com', 'www.sankhubabainternational.com', 'www.savonneriedumidi.fr', 'www.thymesspl.com', 'www.wantskincare.com', 'www.waxme.co', 'www.letizia.co.kr', 'www.ladia.kr', 'http://naver.com', 'www.kissnewyork.co.kr', 'www.minet-beauty.com', 'http://www.cp-1.co.kr/', 'www.ratedgreen.co.kr', 'www.jwkorea_.net', 'www.lador.co.kr', 'www.sokywakan.com', 'www.stylearoma.com', 'www.broe.co.kr', 'www.yaoyao.co.kr', 'www.modamcosmetic.com', 'http://www.jjj3.kr', 'www.eye-candy.co.kr', 'http://www.talmo.com', 'www.talmoya.com', 'http://nicelifeskin.co.kr/', 'www.plabio.co.kr', 'http://www.ecomine.co.kr', 'www.keaoguoji.com', 'www.wildkomb.com', 'http://peachfit.net', 'www.perfume.kr', 'www.cba.ne.kr', 'http://www.biostech.co.kr', 'http://blsclinic.com', 'http://www.dongwoopuff.com', 'www.mtgclean.com', 'www.sarahi.com.au', 'www.mango10.com', 'http://vavacoco.kr', 'www.aprilkorea.com', 'www.attisu.co.kr', 'www.alphawing.co.kr', 'www.cwcnt.co.kr', 'www.gabangmall.com', 'www.kjit.co.kr', 'https://www.bangkokcosmetic.com/bangkokface.com/evogue.co.th/alphamangostin.com', 'www.vitastiq.com', 'http://www.nbkr.co.kr/', 'https://www.clecosmetics.com', 'www.lootkabazaar.com', 'www.ezpack.co.kr', 'www.samyoung-print.com', 'www.unicoa.kr']"
p,[],['1'],1,0.9016204752368534,"(('pyfunc', 'url', 0.99), ('pyfunc', 'url'), 2.511544158982464, 0.09837952476314657, (5780, 54428, 238191, 0))","['1.5855999999999999e-17', '6.0874e-5', '1', '1.2233999999999999e-10', '5.3743999999999997e-6', '9.5849000000000003e-6', '5.2867999999999999e-7', '5.5593999999999997e-6', '2.0660000000000001e-4', '1.0585e-9', '6.8554999999999996e-12', '1.1308999999999999e-10', '2.4235e-15', '1.2565999999999999e-15', '9.5548999999999999e-3', '1.5558e-3', '1.0392e-5', '3.5922000000000001e-7', '9.7133000000000006e-13', '1.9706999999999999e-11', '3.2054999999999997e-5', '1.4198999999999999e-16', '1.0744e-2', '2.9236999999999999e-2', '2.3896000000000002e-13', '1.8854e-12', '1.4397999999999999e-8', '8.6209000000000001e-8', '4.0601e-22', '5.7670999999999996e-16', '8.9924999999999997e-16', '1.532e-16', '2.4060000000000002e-3', '5.5465999999999999e-9', '4.8841e-14', '3.9546000000000002e-6', '7.1055999999999993e-15', '1.0163e-4', '1.4013e-6', '1.4204e-5', '3.0347999999999999e-9', '8.7798999999999998e-10', '4.1713000000000002e-12', '9.7663999999999997e-3', '1.1051999999999999e-18', '7.5631999999999999e-8', '4.6436999999999996e-9', '9.2781000000000006e-14', '1.7559000000000002e-2', '2.5877000000000001e-16', '7.6612000000000004e-6', '1.4086000000000001e-12', '1.0044e-17', '1.1725000000000001e-13', '5.3654999999999997e-7', '6.7014000000000002e-10', '4.9997e-7', '1.0489e-9', '1.2508e-3', '8.9389999999999996e-5', '5.7627000000000001e-7', '3.9159999999999997e-15', '6.6184999999999995e-13', '1.3536999999999999e-10', '3.2934000000000002e-19', '5.4376000000000001e-4', '5.7697000000000002e-10', '4.2731999999999997e-5', '1.3785e-3', '6.8461000000000005e-13', '1.1427e-13', '7.2726000000000007e-15', '1.8463000000000001e-10', '5.7912999999999997e-8', '8.4491000000000005e-9', '1.1845000000000001e-4', '7.7581999999999999e-8', '1.8164000000000001e-5', '7.1192000000000006e-8', '4.1774999999999999e-12', '1.2196999999999999e-10', '3.0561999999999999e-8', '1.1295000000000001e-9', '3.8492000000000002e-20', '6.1959000000000003e-12', '2.5363e-9', '3.8163e-11', '6.5262999999999998e-12', '4.3841000000000002e-7', '1.1270999999999999e-19', '1.107e-14', '9.4163999999999997e-11', '1.7368999999999998e-11', '4.1502999999999996e-15', '6.1841999999999995e-17', '9.1253999999999999e-7', '2.0837000000000001e-4', '3.2911000000000003e-4', '1.0509e-7', '4.4337999999999999e-7', '2.1913e-7', '3.0272000000000001e-5', '1.3059999999999999e-10', '1.8884e-6', '1.8908000000000001e-10', '1.8270000000000002e-21', '2.8849e-10', '4.9627000000000004e-7', '1.1083e-3', '1.6029e-4', '6.6651999999999998e-4', '1.7111999999999999e-2', '5.0067e-5', '2.4675999999999999e-5', '3.2617000000000002e-10', '5.6695999999999997e-15', '4.7577000000000001e-3', '3.812e-7', '2.7090999999999999e-5', '3.231e-10', '2.2490000000000001e-3', '2.0682e-5', '2.6190000000000002e-9']"
twitter page for tweet,['__/status/799512626703323140'],[],__/status/799512626703323140,0.9016204752368534,"(('pyfunc', 'url', 0.99), ('pyfunc', 'url'), 2.511544158982464, 0.09837952476314657, (5780, 54428, 238191, 0))","['https://twitter.com/#!/jrwolfson/status/799056736661475328', 'https://twitter.com/#!/bmrbreakingnews/status/799061681750110208', 'https://twitter.com/#!/polmsted/status/799087394884636672', 'https://twitter.com/#!/yoadamboy/status/799108555869655046', 'https://twitter.com/#!/yoadamboy/status/799108523535859712', 'https://twitter.com/#!/pa_energy/status/799102490281000960', 'https://twitter.com/#!/pa_energy/status/799104178417115136', 'https://twitter.com/#!/pa_energy/status/799111360973914113', 'https://twitter.com/#!/marileigh013/status/799150381519536128', 'https://twitter.com/#!/early2can/status/799204086738341888', 'https://twitter.com/#!/early2can/status/799204181047316481', 'https://twitter.com/#!/fripapp/status/799220047038337024', 'https://twitter.com/#!/fedesebastiann/status/799223350623141888', 'https://twitter.com/#!/polswestchester/status/799352442764726272', 'https://twitter.com/#!/espentech/status/799352719773470721', 'https://twitter.com/#!/joesimenic/status/799359959104421888', 'https://twitter.com/#!/lisapet14/status/799361389378830337', 'https://twitter.com/#!/rmathematicus/status/799374126590861312', 'https://twitter.com/#!/newsfromspi/status/799378213906632704', 'https://twitter.com/#!/allstocknews/status/799378344869498881', 'https://twitter.com/#!/fn_press/status/799379496646361089', 'https://twitter.com/#!/ihnewsdesk/status/799386154806054912', 'https://twitter.com/#!/dontfollowmeka/status/799391967083982848', 'https://twitter.com/#!/ts2marcintest/status/799395158345162752', 'https://twitter.com/#!/diegomartinez_c/status/799409375987240960', 'https://twitter.com/#!/chintzage/status/799452662681010176', 'https://twitter.com/#!/tvchannelive/status/799466778736857088', 'https://twitter.com/#!/tvchannelive/status/799466851189325824', 'https://twitter.com/#!/saqmex/status/799607651877277697', 'https://twitter.com/#!/gententusa/status/799639081206640640', 'https://twitter.com/#!/nicomclane/status/799639166493609984', 'https://twitter.com/#!/ieeehistory/status/799369162149732353', 'https://twitter.com/#!/vbwyrde/status/799675010046640129', 'https://twitter.com/#!/ambit_sunrun/status/799676190520844288', 'https://twitter.com/#!/zippyg2/status/799679685173137408', 'https://twitter.com/#!/sochisttech/status/799683138544865280', 'https://twitter.com/#!/ieeehistory/status/799673094453547008', 'https://twitter.com/#!/damiandurso/status/799712164139274240', 'https://twitter.com/#!/jpeters1221/status/799722557368860672', 'https://twitter.com/#!/rich1/status/799742602664964096', 'https://twitter.com/#!/stevenmatteo/status/799747390135828480', 'https://twitter.com/#!/hombremedia/status/799749052761972738', 'https://twitter.com/#!/hurricamesandy_/status/799762160251453440', 'https://twitter.com/#!/lohud_debbie/status/799769548757073920', 'https://twitter.com/#!/lohudsports/status/799769562657026048', 'https://twitter.com/#!/szkolar_lohud/status/799769599185129472', 'https://twitter.com/#!/catalyst4fitnes/status/799775974074134529', 'https://twitter.com/#!/gbrlas_/status/799801418689482752', 'https://twitter.com/#!/tacub0s/status/799801789314961408', 'https://twitter.com/#!/vzmercogliano/status/799821744504786944', 'https://twitter.com/#!/learnforlifellc/status/799823610319925248', 'https://twitter.com/#!/nuccilexi/status/799823865304256512', 'https://twitter.com/#!/heathermbutts/status/799824063342530560', 'https://twitter.com/#!/hover', '__/status/799512626703323140', 'https://twitter.com/#!/skcaregina/status/799844501221056512', 'https://twitter.com/#!/outagecentral/status/799871717736845312', 'https://twitter.com/#!/gridwidenews/status/799872380281753601', 'https://twitter.com/#!/vivianalv_/status/799973492405993472', 'https://twitter.com/#!/alfonsoquiroz/status/799990183122898948', 'https://twitter.com/#!/yamilez_sanchez/status/800034067697713152', 'https://twitter.com/#!/edisoon_/status/800035172066402309', 'https://twitter.com/#!/ceeaceo/status/800044359697788932', 'https://twitter.com/#!/larrymalloy/status/800071102311624704', 'https://twitter.com/#!/brestgabrielae/status/800102392012345344', 'https://twitter.com/#!/davidgalarraga1/status/800105993082441728', 'https://twitter.com/#!/suvirsaran/status/800112432488255488', 'https://twitter.com/#!/elipongo/status/800113814951854080', 'https://twitter.com/#!/literary_heaven/status/800137821084418049', 'https://twitter.com/#!/joweluddin3/status/800187123970281473', 'https://twitter.com/#!/baltazar_acuna/status/800196845309927424', 'https://twitter.com/#!/builteguru/status/800196990067830784', 'https://twitter.com/#!/greenbuiltjobs/status/800197004278124544', 'https://twitter.com/#!/giulianicita8/status/800363691929718785', 'https://twitter.com/#!/innovisionary/status/800387078651518976', 'https://twitter.com/#!/luchito_16/status/800449939268456449', 'https://twitter.com/#!/ah6741515/status/800468366335102976', 'https://twitter.com/#!/angelinagaarcia/status/800526008197595136', 'https://twitter.com/#!/kidoofrommc/status/800526728686923776', 'https://twitter.com/#!/samisalombir/status/800527755825790977', 'https://twitter.com/#!/environmentguru/status/800582298705936384', 'https://twitter.com/#!/lisabilello/status/800708209925242881', 'https://twitter.com/#!/jaimelarios1/status/800735907988914176', 'https://twitter.com/#!/ayanaharry/status/800748357081858048', 'https://twitter.com/#!/linlinfitz/status/800755547456708609', 'https://twitter.com/#!/bebons101/status/800758563119501312', 'https://twitter.com/#!/csutilities/status/800760216153452544', 'https://twitter.com/#!/atomicbird/status/800760560384086016', 'https://twitter.com/#!/talkofthesound/status/800762866538258432', 'https://twitter.com/#!/clendeninmike/status/799238842054221824', 'https://twitter.com/#!/clendeninmike/status/800781881692266496', 'https://twitter.com/#!/natashaps/status/800785842562367488', 'https://twitter.com/#!/bomee/status/800801453627633665', 'https://twitter.com/#!/sioux60117/status/800804871704350720', 'https://twitter.com/#!/theshoppebk/status/800821394279899136', 'https://twitter.com/#!/bryan97ca/status/800824606676447232', 'https://twitter.com/#!/pelevisionnews/status/800832033840918528', 'https://twitter.com/#!/nycdepartment/status/800832491456118786', 'https://twitter.com/#!/nyc_dot/status/800831934024728577', 'https://twitter.com/#!/jsantosorellano/status/800832746872455170', 'https://twitter.com/#!/georgewarnock/status/800893294846836736', 'https://twitter.com/#!/chinatownnyc/status/799092981181612037', 'https://twitter.com/#!/chinatownnyc/status/800927703302021120', 'https://twitter.com/#!/sebrdz/status/800997863652294656', 'https://twitter.com/#!/nhedenicholas/status/801014622467854336', 'https://twitter.com/#!/cecptweets/status/801070480170119168', 'https://twitter.com/#!/thenetworkny/status/801073023352766464', 'https://twitter.com/#!/starrettlehigh/status/801077842633228288', 'https://twitter.com/#!/abbeycbrown/status/801078740499341312', 'https://twitter.com/#!/wisenewyork/status/801074023979483137', 'https://twitter.com/#!/atmostech/status/801086557352554497', 'https://twitter.com/#!/clawsoca/status/801093126660169729', 'https://twitter.com/#!/fabfultonbk/status/801094194982948865', 'https://twitter.com/#!/ro_bot_dylan/status/801100632241283072', 'https://twitter.com/#!/thealchemist', '/status/801102546748194816', 'https://twitter.com/#!/ethanmarkr/status/801106145473478656', 'https://twitter.com/#!/ossiningpdchief/status/801126439227506688', 'https://twitter.com/#!/annerichardsdrc/status/801136400297066497', 'https://twitter.com/#!/shellb0t/status/801139272887701504', 'https://twitter.com/#!/edfenergyex/status/801146613255327744', 'https://twitter.com/#!/niainvest/status/801166209479606273', 'https://twitter.com/#!/metering/status/801157151599235073', 'https://twitter.com/#!/metering/status/801153623111647232', 'https://twitter.com/#!/metering/status/801183896939286528', 'https://twitter.com/#!/nequeensny/status/799234334351888386', 'https://twitter.com/#!/queensnycnews/status/801188658678140928', 'https://twitter.com/#!/nequeensny/status/801227415964024833', 'https://twitter.com/#!/brendasperling1/status/801238201641926657', 'https://twitter.com/#!/brendasperling1/status/801238345275670528', 'https://twitter.com/#!/milybazan1/status/801239606700244993', 'https://twitter.com/#!/riultrivera/status/801427234317889536', 'https://twitter.com/#!/riultrivera/status/801427959340998656', 'https://twitter.com/#!/aventurafm913/status/801431154784141313', 'https://twitter.com/#!/detodounpocoeyg/status/801431154872242177', 'https://twitter.com/#!/gerardo_j20/status/801461002328043520', 'https://twitter.com/#!/cescareers/status/799566406325039104', 'https://twitter.com/#!/cescareers/status/801208090724970497', 'https://twitter.com/#!/cescareers/status/801420871999098880', 'https://twitter.com/#!/cescareers/status/801485720305201152', 'https://twitter.com/#!/saltysurfskate/status/799646176639352832', 'https://twitter.com/#!/saltysurfskate/status/801498354530320391', 'https://twitter.com/#!/monicamoralestv/status/801533250778730496', 'https://twitter.com/#!/newrochelleny/status/801469969510920192', 'https://twitter.com/#!/teaexperienceny/status/801537251599667207', 'https://twitter.com/#!/bgcnw/status/801550572990189572', 'https://twitter.com/#!/labelousova1081/status/801557158710177792', 'https://twitter.com/#!/heyaeon/status/801569912313548802', 'https://twitter.com/#!/blumer_miss/status/801584133331894272', 'https://twitter.com/#!/91charla/status/801617758337269761', 'https://twitter.com/#!/v_ogg/status/801619559484624897', 'https://twitter.com/#!/delcie_ms/status/801643354752749568', 'https://twitter.com/#!/bacacoral/status/801658004357738500', 'https://twitter.com/#!/kujawskimitch/status/801694829461835776', 'https://twitter.com/#!/begrigoreva2588/status/801695442253844480', 'https://twitter.com/#!/yannikolaeva696/status/801527227066306560', 'https://twitter.com/#!/lililummus/status/801701610682544128', 'https://twitter.com/#!/tessierisaura/status/801796409800486912', 'https://twitter.com/#!/electric_utes/status/799664675696672768', 'https://twitter.com/#!/electric_utes/status/799666097821622272', 'https://twitter.com/#!/electric_utes/status/800357207896301568', 'https://twitter.com/#!/electric_utes/status/800668678488354816', 'https://twitter.com/#!/electric_utes/status/801825817336496128', 'https://twitter.com/#!/mt_nacional/status/801832021102182400', 'https://twitter.com/#!/mzkbee/status/801833585963573248', 'https://twitter.com/#!/plataforma_mx/status/801834064961355776', 'https://twitter.com/#!/ulzaharova74875/status/801845310121189385', 'https://twitter.com/#!/somospri_/status/801846591523057664', 'https://twitter.com/#!/somospri_/status/801846630135791617', 'https://twitter.com/#!/mt_saltillo/status/801848950701563904', 'https://twitter.com/#!/tayhueso/status/801865465882705921', 'https://twitter.com/#!/edithgo29570668/status/801889148516732928', 'https://twitter.com/#!/magdalenamonja1/status/801896465069027328', 'https://twitter.com/#!/yanetsoledadpe1/status/801897535832891393', 'https://twitter.com/#!/bernardasantia4/status/801898356976947200', 'https://twitter.com/#!/gstweet63/status/801952090587353088', 'https://twitter.com/#!/blackthisweek/status/801968367439642624', 'https://twitter.com/#!/mysterious_vyse/status/801970625728413696', 'https://twitter.com/#!/chrisghiraldi7/status/802003413047316480', 'https://twitter.com/#!/mlkeypoopsise/status/802020675867332608', 'https://twitter.com/#!/mz_ladi463/status/802020747954618368', 'https://twitter.com/#!/vghsunofflcial/status/802020784906661888', 'https://twitter.com/#!/onlyefflnqueen/status/802020837255708672', 'https://twitter.com/#!/alamoblkeshop/status/802021180077010944', 'https://twitter.com/#!/fostertheclnema/status/802021219566489600', 'https://twitter.com/#!/theioveauthor/status/802021246674276352', 'https://twitter.com/#!/brown0356/status/802021250075914240', 'https://twitter.com/#!/bettyannwl31/status/802021299887505408', 'https://twitter.com/#!/teejaykhaied/status/802021310066987008', 'https://twitter.com/#!/nocoprlnter/status/802021314508636161', 'https://twitter.com/#!/br3ezy_f_u/status/802021372213899264', 'https://twitter.com/#!/twlnbeautifulme/status/802021450169208832', 'https://twitter.com/#!/ltsdrunkbaby/status/802021477688213504', 'https://twitter.com/#!/acldbutter/status/802021553802280960', 'https://twitter.com/#!/craigcobb20/status/802021557958823936', 'https://twitter.com/#!/d0nnayung/status/802021563373535232', 'https://twitter.com/#!/fuzyx0/status/802021567664361472', 'https://twitter.com/#!/blsantetv/status/802021587612471296', 'https://twitter.com/#!/brlelle_meister/status/802021590968004608', 'https://twitter.com/#!/hglelah_llebeiz/status/802021598911827969', 'https://twitter.com/#!/n0conetorg/status/802021649826476032', 'https://twitter.com/#!/4dmuwvt/status/802021663785254912', 'https://twitter.com/#!/noahlsweirder/status/802021694265290752', 'https://twitter.com/#!/anngonzaies/status/802021705501667328', 'https://twitter.com/#!/boidenrule/status/802021728075575296', 'https://twitter.com/#!/rebeccadaitonx/status/802021733238706176', 'https://twitter.com/#!/gemlni_swaggg/status/802021750112391168', 'https://twitter.com/#!/fouikescarly/status/802021753530748928', 'https://twitter.com/#!/verahfails/status/802021764494540800', 'https://twitter.com/#!/v3ryjr/status/802021770089922561', 'https://twitter.com/#!/toniavx80/status/802021788704186369', 'https://twitter.com/#!/6sosaye/status/802021800444043264', 'https://twitter.com/#!/herguts_ioveme/status/802021823676223490', 'https://twitter.com/#!/dlvorce_kid/status/802021861412470784', 'https://twitter.com/#!/kendulsaacs/status/802021873454370816', 'https://twitter.com/#!/problemsgultar/status/802021880043606016', 'https://twitter.com/#!/im3gud4b8gotten/status/802021905549131777', 'https://twitter.com/#!/sharlngbrooke/status/802021912201326592', 'https://twitter.com/#!/madzambroclo/status/802021921126682624', 'https://twitter.com/#!/codyselewskl/status/802021944577048577', 'https://twitter.com/#!/darkedragonfiy/status/802021952869269504', 'https://twitter.com/#!/prlinsaa/status/802021966379155456', 'https://twitter.com/#!/jay_poois/status/802021998775779328', 'https://twitter.com/#!/classygrlts/status/802022001951076352', 'https://twitter.com/#!/benyeis_girl476/status/802022041721257984', 'https://twitter.com/#!/garrettg_177/status/802022047270445056', 'https://twitter.com/#!/stefus4a/status/802022058548871169', 'https://twitter.com/#!/lmagineourbap/status/802022066308415489', 'https://twitter.com/#!/g0snaphop/status/802022072448757760', 'https://twitter.com/#!/gdthalland/status/802022077561651200', 'https://twitter.com/#!/sllcedgfx/status/802022103159631872', 'https://twitter.com/#!/katlewmedeiros/status/802022108435869696', 'https://twitter.com/#!/joshhelleson/status/802022137053773825', 'https://twitter.com/#!/may0facts/status/802022143861161984', 'https://twitter.com/#!/dt_machlnist/status/802022150068539392', 'https://twitter.com/#!/ccr0screa/status/802022169249218560', 'https://twitter.com/#!/astephenson082/status/802022176018878464', 'https://twitter.com/#!/supadupahlppie/status/802022190518509568', 'https://twitter.com/#!/kathornton0741/status/802022211951398912', 'https://twitter.com/#!/robblevelezbook/status/802022216086867968', 'https://twitter.com/#!/jessa_wlll/status/802022221237493760', 'https://twitter.com/#!/nlcehayley/status/802022247393296384', 'https://twitter.com/#!/racepiane/status/802022260215156736', 'https://twitter.com/#!/retweetseifharm/status/802022292649873408', 'https://twitter.com/#!/adelineig99/status/802022304641335300', 'https://twitter.com/#!/dnaed_tech/status/802023944479997952', 'https://twitter.com/#!/lead4education/status/802021740520017920', 'https://twitter.com/#!/lead4education/status/802029172315062272', 'https://twitter.com/#!/aj831958/status/802133770799382528', 'https://twitter.com/#!/faymus/status/802133870644707328', 'https://twitter.com/#!/jesusarmandoal4/status/802135157671084036', 'https://twitter.com/#!/eastcoast911ia/status/802135519543066624', 'https://twitter.com/#!/ezed62/status/802145582403948544', 'https://twitter.com/#!/jt_nacional/status/802157418289336322', 'https://twitter.com/#!/nodigmaine/status/802163113072164864', 'https://twitter.com/#!/natural120/status/802179181157253120', 'https://twitter.com/#!/mtestatalcolima/status/801820342209507328', 'https://twitter.com/#!/marisa_pri_mt/status/802181709898874880', 'https://twitter.com/#!/rickyd208/status/802184662705696768', 'https://twitter.com/#!/inusanewscom/status/802195490427183104', 'https://twitter.com/#!/zybkgex/status/802215453074583553', 'https://twitter.com/#!/jasmineuniverse/status/799651664747790336', 'https://twitter.com/#!/jasmineuniverse/status/801037289082277888', 'https://twitter.com/#!/jasmineuniverse/status/802218599356264450', 'https://twitter.com/#!/enactnow/status/802093299423186944', 'https://twitter.com/#!/enactnow/status/802225688258506752', 'https://twitter.com/#!/edtechfam/status/802243529766367234', 'https://twitter.com/#!/itknowingness/status/802243531796402176', 'https://twitter.com/#!/onwumahjude/status/802244994862039040', 'https://twitter.com/#!/liacnewyork/status/802264457137111040', 'https://twitter.com/#!/ec_infosystems/status/799624484357435392', 'https://twitter.com/#!/ec_infosystems/status/802269902845411328', 'https://twitter.com/#!/ekoniko21/status/802273792059850752', 'https://twitter.com/#!/la_tina', '/status/802275482658107392', 'https://twitter.com/#!/__raelo/status/802282013034102784', 'https://twitter.com/#!/_hova/status/802282057502113792', 'https://twitter.com/#!/billozanne/status/802297458575441920', 'https://twitter.com/#!/discoverwcm/status/802315261235888128', 'https://twitter.com/#!/joejulian27/status/802317067458199552', 'https://twitter.com/#!/drama_start/status/802026661017485312', 'https://twitter.com/#!/sbkindergarten/status/802326476951580672', 'https://twitter.com/#!/donaldbittar/status/799798164807184384', 'https://twitter.com/#!/donaldbittar/status/802017779914313728', 'https://twitter.com/#!/edgametec/status/802018000803155968', 'https://twitter.com/#!/edgametec/status/802026874713047040', 'https://twitter.com/#!/edgametec/status/802326807626166272', 'https://twitter.com/#!/dayan9812/status/802365314545709061', 'https://twitter.com/#!/miwin_pasha/status/802433995069947905', 'https://twitter.com/#!/nitestar/status/802501442951147520', 'https://twitter.com/#!/canobarofusa/status/802504418495229952', 'https://twitter.com/#!/juanpig_nob/status/802504470009499649', 'https://twitter.com/#!/mokonamodokies/status/802518848356356096', 'https://twitter.com/#!/jtcolima/status/801821487665512448', 'https://twitter.com/#!/chayitosa/status/802548582511325185', 'https://twitter.com/#!/buenmuchacho74/status/802653628834217984', 'https://twitter.com/#!/tatifresa/status/802657680854831106', 'https://twitter.com/#!/tatifresa/status/802657694964289536', 'https://twitter.com/#!/tatifresa/status/802657701666942977', 'https://twitter.com/#!/tatifresa/status/802657716032376832', 'https://twitter.com/#!/ivansalazarl/status/802667368056963072', 'https://twitter.com/#!/delgadokeilimar/status/802865439751675904', 'https://twitter.com/#!/delgadokeilimar/status/802865424337670144', 'https://twitter.com/#!/delgadokeilimar/status/802865434483691520', 'https://twitter.com/#!/delgadokeilimar/status/802865449448849409', 'https://twitter.com/#!/dirtyholland/status/801868513782722560', 'https://twitter.com/#!/dirtyholland/status/802166200306438144', 'https://twitter.com/#!/dirtyholland/status/802899260739989506', 'https://twitter.com/#!/manhattantimes_/status/801096593797763072', 'https://twitter.com/#!/manhattantimes_/status/802914912821538816', 'https://twitter.com/#!/bronxfreepress/status/801096594003140608', 'https://twitter.com/#!/bronxfreepress/status/802914913358381057', 'https://twitter.com/#!/fuckssmebieber/status/802930838513946624', 'https://twitter.com/#!/climber_const/status/802956692279332864', 'https://twitter.com/#!/climber_eng/status/802957185336520705', 'https://twitter.com/#!/clauamarilla17/status/803035711729520640', 'https://twitter.com/#!/niggadaninja/status/803108838153080832', 'https://twitter.com/#!/anubisthagod/status/803117344356585473', 'https://twitter.com/#!/anubisthagod/status/803117593544400896', 'https://twitter.com/#!/andytoronto/status/800762694974377986', 'https://twitter.com/#!/sri_intl/status/799366028677541892', 'https://twitter.com/#!/sri_intl/status/800746094766460928', 'https://twitter.com/#!/andytoronto/status/803138276433403905', 'https://twitter.com/#!/nypaenergy/status/800715421062078465', 'https://twitter.com/#!/nypaenergy/status/803218320258277376', 'https://twitter.com/#!/sarahdavidson63/status/803219738184847360', 'https://twitter.com/#!/rezznul/status/803226688649691136', 'https://twitter.com/#!/mario_roefaro/status/803232590874443776', 'https://twitter.com/#!/mandelben/status/803248981836894210', 'https://twitter.com/#!/gqenergy/status/803207479895035905', 'https://twitter.com/#!/vernapolitics/status/803251798085505024', 'https://twitter.com/#!/dystopiric/status/803252427440828417', 'https://twitter.com/#!/televisionsid/status/799749413002428416', 'https://twitter.com/#!/televisionsid/status/803255608266915840', 'https://twitter.com/#!/careercast_jobs/status/803264263519227904', 'https://twitter.com/#!/ccastbiotechjob/status/803265471847878656', 'https://twitter.com/#!/careercastengr/status/803265507637923840', 'https://twitter.com/#!/nybatteryenergy/status/803297912969105408', 'https://twitter.com/#!/citibikenyc/status/801072458505719812', 'https://twitter.com/#!/didi_fryslan_us/status/803308369536806912', 'https://twitter.com/#!/deezlia/status/803308840246714369', 'https://twitter.com/#!/amelia_karras/status/803317349310988288', 'https://twitter.com/#!/nypd63pct/status/803320695417610240', 'https://twitter.com/#!/nycdca/status/803321893877088256', 'https://twitter.com/#!/donde10/status/803334667231522816', 'https://twitter.com/#!/florianciornei/status/803338929617387520', 'https://twitter.com/#!/davidnovarro7/status/803341198479986688', 'https://twitter.com/#!/dheskiel/status/803341201336311809', 'https://twitter.com/#!/robmadden/status/803366232036700160', 'https://twitter.com/#!/alviswurailfan/status/803373635545272322', 'https://twitter.com/#!/notifynyc/status/802133091934498818', 'https://twitter.com/#!/alviswubusfan/status/802133284260081664', 'https://twitter.com/#!/alviswubusfan/status/803322904796659712', 'https://twitter.com/#!/alviswubusfan/status/803374716820058113', 'https://twitter.com/#!/nenaang/status/803321765552332800', 'https://twitter.com/#!/nenaang/status/803380044987043840', 'https://twitter.com/#!/mosleyjoseph/status/803406863207272448', 'https://twitter.com/#!/nypd43pct/status/803372903525969920', 'https://twitter.com/#!/josephinerosa19/status/803417257175031810', 'https://twitter.com/#!/alfmora2002/status/803420526601498624', 'https://twitter.com/#!/enh_deportes/status/803420882379177984', 'https://twitter.com/#!/jorgeebro/status/803419623010029568', 'https://twitter.com/#!/carrievaiano/status/803509778723049472', 'https://twitter.com/#!/cilapessa/status/803533698306113538', 'https://twitter.com/#!/msmarissat/status/803555515968225280', 'https://twitter.com/#!/eulasspa/status/803568766839705600', 'https://twitter.com/#!/giveawaybrazz/status/803591509870252032', 'https://twitter.com/#!/giveawayvoxer/status/803490349159247873', 'https://twitter.com/#!/giveawayvoxer/status/803597191478657025', 'https://twitter.com/#!/jesussubheroin/status/803597817180749824', 'https://twitter.com/#!/beisbolsporting/status/803612087784128513', 'https://twitter.com/#!/beisbolsporting/status/803618735751921664', 'https://twitter.com/#!/mv_goncalves/status/803621752505069569', 'https://twitter.com/#!/lovealishamay/status/803628731906621440', 'https://twitter.com/#!/juniorpepen/status/803611459364225024', 'https://twitter.com/#!/silfredomelo/status/803632398906880000', 'https://twitter.com/#!/worldscifest/status/799679575206850560', 'https://twitter.com/#!/worldscifest/status/800767495837810688', 'https://twitter.com/#!/worldscifest/status/803665841313239040', 'https://twitter.com/#!/treyalex09/status/803667646201942017', 'https://twitter.com/#!/bilaal78/status/803670969776750592', 'https://twitter.com/#!/jescolighting/status/803673375554019328', 'https://twitter.com/#!/nyko911/status/803682123756474369', 'https://twitter.com/#!/cb9bronx/status/803685414850691072', 'https://twitter.com/#!/dennisl68645704/status/800428779298557954', 'https://twitter.com/#!/dennisl68645704/status/800692771908710400', 'https://twitter.com/#!/dennisl68645704/status/800695086644228096', 'https://twitter.com/#!/dennisl68645704/status/800695559472283648', 'https://twitter.com/#!/dennisl68645704/status/800695638199566337', 'https://twitter.com/#!/dennisl68645704/status/801422607488794625', 'https://twitter.com/#!/dennisl68645704/status/801427069368434688', 'https://twitter.com/#!/dennisl68645704/status/802170770726252544', 'https://twitter.com/#!/dennisl68645704/status/802171123739820032', 'https://twitter.com/#!/dennisl68645704/status/802171564246650882', 'https://twitter.com/#!/dennisl68645704/status/802200988409069568', 'https://twitter.com/#!/dennisl68645704/status/803487896485367808', 'https://twitter.com/#!/dennisl68645704/status/803488104476737536', 'https://twitter.com/#!/dennisl68645704/status/803489123302572032', 'https://twitter.com/#!/dennisl68645704/status/803490156829347840', 'https://twitter.com/#!/dennisl68645704/status/803491422787747840', 'https://twitter.com/#!/dennisl68645704/status/803492426665099264', 'https://twitter.com/#!/dennisl68645704/status/803591294610186240', 'https://twitter.com/#!/dennisl68645704/status/803591685762666496', 'https://twitter.com/#!/dennisl68645704/status/803592093641871360', 'https://twitter.com/#!/dennisl68645704/status/803592536862269440', 'https://twitter.com/#!/dennisl68645704/status/803592865486020608', 'https://twitter.com/#!/dennisl68645704/status/803594047692668928', 'https://twitter.com/#!/dennisl68645704/status/803597000981807105', 'https://twitter.com/#!/dennisl68645704/status/803597388396961793', 'https://twitter.com/#!/dennisl68645704/status/803601225157668868', 'https://twitter.com/#!/dennisl68645704/status/803685611135758336', 'https://twitter.com/#!/nypd19pct/status/803316189174833152', 'https://twitter.com/#!/jameskr419/status/803726522054012928', 'https://twitter.com/#!/franklin_energy/status/803615013705388033', 'https://twitter.com/#!/franklin_energy/status/803732043632738304', 'https://twitter.com/#!/renewable_egry/status/801210798609600512', 'https://twitter.com/#!/renewable_egry/status/803747588822306816', 'https://twitter.com/#!/multi_utilities/status/799664676250394624', 'https://twitter.com/#!/multi_utilities/status/799670461030219776', 'https://twitter.com/#!/multi_utilities/status/800357207132884993', 'https://twitter.com/#!/multi_utilities/status/800668678387683328', 'https://twitter.com/#!/multi_utilities/status/801210798013939712', 'https://twitter.com/#!/multi_utilities/status/801825816816455680', 'https://twitter.com/#!/multi_utilities/status/803747589455609857', 'https://twitter.com/#!/maliciousmicah/status/803762709363888128', 'https://twitter.com/#!/rik_fiair/status/803772331827064832', 'https://twitter.com/#!/fgavazut/status/803781096777404417', 'https://twitter.com/#!/don_jose1968/status/803782361183821828', 'https://twitter.com/#!/fgoldwyn/status/803789461716869120', 'https://twitter.com/#!/greytore/status/803795781505400834', 'https://twitter.com/#!/darlingsavage_/status/803821618539720704', 'https://twitter.com/#!/nicole_mennella/status/803822194304446464', 'https://twitter.com/#!/eemersonwhite/status/803868861560975360', 'https://twitter.com/#!/ulloamarianela/status/803780027481489409', 'https://twitter.com/#!/yesica2190/status/803884966719455233', 'https://twitter.com/#!/edisonnews/status/803249720713940992', 'https://twitter.com/#!/ale16dicosta/status/803934987498168320', 'https://twitter.com/#!/edisonnews/status/803617547320856576', 'https://twitter.com/#!/am_that_i_am/status/803957609095106560', 'https://twitter.com/#!/kinniska/status/803989544911720448', 'https://twitter.com/#!/manufacturingod/status/803310561052262400', 'https://twitter.com/#!/manufacturingod/status/803766180829741056', 'https://twitter.com/#!/manufacturingod/status/803993768458227712', 'https://twitter.com/#!/mville_college/status/803995701571096576', 'https://twitter.com/#!/mville_college/status/804002989287555077', 'https://twitter.com/#!/mville_college/status/804003133823320064', 'https://twitter.com/#!/mville_college/status/804003272440872960', 'https://twitter.com/#!/gnycexploring/status/804007231205294081', 'https://twitter.com/#!/elwindelarosa/status/800673991367282688', 'https://twitter.com/#!/elwindelarosa/status/801175462139596800', 'https://twitter.com/#!/elwindelarosa/status/803629767031398400', 'https://twitter.com/#!/elwindelarosa/status/804010739296010240', 'https://twitter.com/#!/sigreenbelt/status/804016090623987712', 'https://twitter.com/#!/jobsinnewyork2/status/801860978631524353', 'https://twitter.com/#!/jobsinnewyork2/status/804025612704751616', 'https://twitter.com/#!/berly', '/status/804038048895954944', 'https://twitter.com/#!/riggsdistler/status/799616609664974849', 'https://twitter.com/#!/riggsdistler/status/800037023600046080', 'https://twitter.com/#!/riggsdistler/status/801147722749378560', 'https://twitter.com/#!/riggsdistler/status/803602854107815936', 'https://twitter.com/#!/riggsdistler/status/804038813081337857', 'https://twitter.com/#!/sichamber/status/801468512799703040', 'https://twitter.com/#!/sichamber/status/804046927650234368', 'https://twitter.com/#!/perigeeenergy/status/804059133347500032', 'https://twitter.com/#!/perigeeenergy/status/804059145481650176', 'https://twitter.com/#!/eprinews/status/800798283698421760', 'https://twitter.com/#!/cniguard/status/800639949108379648', 'https://twitter.com/#!/cniguard/status/800824937254686720', 'https://twitter.com/#!/cniguard/status/801353381910548480', 'https://twitter.com/#!/cniguard/status/801534608542154752', 'https://twitter.com/#!/cniguard/status/803883816024678400', 'https://twitter.com/#!/cniguard/status/804066273223200773', 'https://twitter.com/#!/carlosorna/status/804068315211714563', 'https://twitter.com/#!/nyc_energyprguy/status/799641306930810882', 'https://twitter.com/#!/nyc_energyprguy/status/801523876748546049', 'https://twitter.com/#!/nyc_energyprguy/status/804071843627929600', 'https://twitter.com/#!/blkwolfsuarez/status/799703566327939072', 'https://twitter.com/#!/blkwolfsuarez/status/800816074291871746', 'https://twitter.com/#!/blkwolfsuarez/status/801177254717956097', 'https://twitter.com/#!/blkwolfsuarez/status/802228990928973824', 'https://twitter.com/#!/blkwolfsuarez/status/804092895972249600', 'https://twitter.com/#!/jonathan_katz/status/804098947413372928', 'https://twitter.com/#!/tierno158/status/804099091072503811', 'https://twitter.com/#!/nyctbus/status/800409043772710912', 'https://twitter.com/#!/nyctbus/status/800420061861310465', 'https://twitter.com/#!/nyctbus/status/802138730832216064', 'https://twitter.com/#!/nyctbus/status/802154602812547072', 'https://twitter.com/#!/nyctbus/status/802166535091535873', 'https://twitter.com/#!/nyctbus/status/802195652663013376', 'https://twitter.com/#!/nyctbus/status/802226430973247488', 'https://twitter.com/#!/nyctbus/status/803545573840318464', 'https://twitter.com/#!/nyctbus/status/803555458191675392', 'https://twitter.com/#!/nyctbus/status/803697558371627013', 'https://twitter.com/#!/nyctbus/status/803706869944565760', 'https://twitter.com/#!/nyctbus/status/803737249997266945', 'https://twitter.com/#!/nyctbus/status/803938123277365249', 'https://twitter.com/#!/nyctbus/status/803953029775036416', 'https://twitter.com/#!/nyctbus/status/803982722649690112', 'https://twitter.com/#!/nyctbus/status/804009948552298497', 'https://twitter.com/#!/nyctbus/status/804039270931505152', 'https://twitter.com/#!/nyctbus/status/804069749332307968', 'https://twitter.com/#!/nyctbus/status/804099681357877248', 'https://twitter.com/#!/biggphill_bx/status/804099988523515908', 'https://twitter.com/#!/cbsnewyork/status/803309996574289921', 'https://twitter.com/#!/cbsnewyork/status/803765501755277316', 'https://twitter.com/#!/cbsnewyork/status/803991993277972481', 'https://twitter.com/#!/eloisesm4320/status/804125264078917632', 'https://twitter.com/#!/conedison/status/799059110037778432', 'https://twitter.com/#!/newhero/status/799094200558043136', 'https://twitter.com/#!/conedison/status/799102664021864448', 'https://twitter.com/#!/stribs/status/799118421241774081']"
y,[],['0'],0,0.9016204752368534,"(('pyfunc', 'url', 0.99), ('pyfunc', 'url'), 2.511544158982464, 0.09837952476314657, (5780, 54428, 238191, 0))","['2.1179385657887906e-4', '3.7984766095178202e-5', '9.7839549795253333e-9', '0', '1.7380907956976444e-4', '1.1510534932313021e-5', '1.3179563393350691e-4', '7.9422694398090243e-5', '6.9466081913560629e-4', '9.5825211610645056e-4', '1.0347971692681313e-3', '1.0963784297928214e-3', '2.0143436267971992e-2', '5.7552674661565106e-6', '4.0263854898512363e-3', '5.7552675571059808e-5', '3.5107132134726271e-5', '5.1221880130469799e-4', '1.4388168892764952e-5', '8.6329011246562004e-3', '2.9633874073624611e-3', '5.7552676647901535e-2', '4.8505393788218498e-3', '3.2217986881732941e-3', '3.0094294343143702e-3', '8.419956429861486e-4', '9.2659814981743693e-5', '6.123604835011065e-4', '6.9063215050846338e-5', '9.2084277421236038e-3', '3.7409237847896293e-5', '2.2445543436333537e-5', '1.5343544073402882e-3', '1.2086062270100228e-5', '1.0854434221982956e-3', '1.899238268379122e-4', '1.1510536074638367e-2', '7.5394002487882972e-4', '7.4818474240601063e-3', '6.5610051387920976e-4', '3.222949817427434e-5', '3.1895693391561508e-3', '5.1394535694271326e-4', '1.1124932207167149e-3', '2.7797941584140062e-4', '1.5665838727727532e-3', '0.44726509815154714', '1.0281539522111416e-2', '2.6989040896296501e-2', '2.4747649149503559e-5', '2.1916059777140617e-3', '1.9107488333247602e-4', '8.9620752260088921e-4', '6.318005733191967e-3', '9.1677058662753552e-5', '1.9620604871306568e-4', '0.10709936916828156', '3.7698976695537567e-2', '2.2276667878031731e-2', '1.0495737660676241e-3', '5.4675041610607877e-5', '5.0358590669929981e-3', '6.4259618520736694e-2', '1.0435762815177441e-3', '9.5961033366620541e-4', '9.4443937996402383e-4', '1.3122009113430977e-4', '9.8531423136591911e-3', '2.6336105074733496e-3', '7.4164173565804958e-3', '8.3023430779576302e-3', '2.6819546474143863e-4', '4.1725914343260229e-4', '2.0991476776544005e-4', '1.9706284627318382e-2', '8.5679497569799423e-3', '1.7121920827776194e-3', '9.2962250113487244e-2', '6.3469091663137078e-2', '6.3307941891252995e-3', '1.7265803180634975e-3', '1.8877277616411448e-3', '3.3380553126335144e-2', '6.6894886957015842e-2', '1.7265803762711585e-5', '8.863111725077033e-5', '5.5204527452588081e-3', '2.1870017008041032e-5', '7.4818475695792586e-5', '2.9754734132438898e-3', '1.6920486814342439e-4', '2.3596597835421562e-2', '7.7178137144073844e-4', '2.4166370276361704e-3', '2.505267970263958e-3', '1.2258721108082682e-4', '5.4398788051912561e-6', '3.1078443862497807e-4', '8.7249861098825932e-4', '4.9478034488856792e-3', '1.1159463319927454e-3', '3.3553209505043924e-4', '5.0991668831557035e-4', '1.1970956256845966e-4', '2.1582253975793719e-4', '1.0359481908380985e-2', '0.17099244976998307', '5.3811754332855344e-4', '4.0286872535943985e-2', '2.6905874256044626e-3', '1.5907558845356107e-3', '4.8229144886136055e-4', '1.9740567950066179e-4', '1.1418451322242618e-3', '5.0761457532644272e-4', '1.812909176805988e-4', '1.3582431711256504e-4', '1.2661588378250599e-2', '2.6474229525774717e-4', '8.1264378968626261e-4', '4.1570300236344337e-3', '8.5177958011627197e-2']"
